I_U,T_INT,seed,nodes_completed,sim_duration_s,fleet_distance_m,conv_time_min_s,conv_time_max_s,conv_time_mean_s,wall_time_s,error
0.050,3.000,0,20,52.000,1732.260,15.000,40.500,21.390,8.940,
0.050,3.000,1,20,76.000,1919.030,15.000,63.400,25.660,9.520,
0.050,3.000,2,20,91.000,1760.080,15.000,79.400,24.780,10.530,
0.050,3.000,3,20,57.000,1931.230,15.000,46.200,26.130,9.480,
0.050,3.000,4,20,52.000,2035.200,15.000,40.400,22.090,9.680,
0.050,3.000,5,20,72.000,1835.090,15.000,59.600,21.770,8.800,
0.050,3.000,6,20,67.000,1941.750,15.000,55.200,26.920,10.370,
0.050,3.000,7,20,79.000,1654.850,15.000,69.300,24.180,8.500,
0.050,3.000,8,20,44.000,1480.540,15.000,34.200,18.740,8.620,
0.050,3.000,9,20,58.000,1774.270,15.000,45.600,23.760,9.050,
0.050,3.500,0,20,55.000,1732.260,17.500,43.200,23.650,8.860,
0.050,3.500,1,20,83.000,1919.030,17.500,70.100,30.200,8.880,
0.050,3.500,2,20,101.000,1760.080,17.500,89.200,27.840,10.300,
0.050,3.500,3,20,64.000,1931.230,17.500,51.700,30.020,8.660,
0.050,3.500,4,20,55.000,2035.200,17.500,43.400,24.640,9.190,
0.050,3.500,5,20,78.000,1835.090,17.500,65.600,25.300,8.560,
0.050,3.500,6,20,79.000,1941.750,17.500,66.700,31.920,9.640,
0.050,3.500,7,20,86.000,1654.850,17.500,76.700,28.160,8.820,
0.050,3.500,8,20,47.000,1480.540,17.500,37.300,24.290,7.940,
0.050,3.500,9,20,63.000,1774.270,17.500,50.800,26.570,8.990,
0.050,4.000,0,20,69.000,1732.260,20.000,59.600,26.570,9.480,
0.050,4.000,1,20,88.000,1919.030,20.000,75.900,33.950,9.680,
0.050,4.000,2,20,112.000,1760.080,20.000,100.600,31.770,11.400,
0.050,4.000,3,20,76.000,1931.230,20.000,65.200,33.420,9.680,
0.050,4.000,4,20,58.000,2035.200,20.000,46.900,28.460,10.020,
0.050,4.000,5,20,83.000,1835.090,20.000,71.000,31.060,9.510,
0.050,4.000,6,20,86.000,1941.750,20.000,73.500,35.160,11.220,
0.050,4.000,7,20,96.000,1654.850,20.000,86.800,30.490,9.320,
0.050,4.000,8,20,58.000,1480.540,20.000,46.400,28.060,9.160,
0.050,4.000,9,20,69.000,1774.270,20.000,56.100,29.800,10.140,
0.050,4.500,0,20,81.000,1732.260,22.500,69.900,29.930,9.750,
0.050,4.500,1,20,93.000,1919.030,22.500,80.800,36.580,9.970,
0.050,4.500,2,20,129.000,1760.080,22.500,117.600,34.520,10.970,
0.050,4.500,3,20,79.000,1931.230,22.500,68.500,36.390,9.980,
0.050,4.500,4,20,66.000,2035.200,22.500,52.300,31.250,9.810,
0.050,4.500,5,20,87.000,1835.090,22.500,74.800,38.520,9.710,
0.050,4.500,6,20,95.000,1941.750,22.500,82.200,40.510,10.740,
0.050,4.500,7,20,101.000,1654.850,22.500,91.900,32.640,9.070,
0.050,4.500,8,20,59.000,1480.540,22.500,48.000,30.430,8.580,
0.050,4.500,9,20,72.000,1774.270,22.500,60.900,32.360,9.340,
0.050,5.000,0,20,85.000,1732.260,25.000,73.600,35.410,8.920,
0.050,5.000,1,20,112.000,1919.030,25.000,100.000,43.670,8.980,
0.050,5.000,2,20,135.000,1760.080,25.000,123.500,39.550,10.300,
0.050,5.000,3,20,83.000,1931.230,25.000,71.900,38.720,8.890,
0.050,5.000,4,20,68.000,2035.200,25.000,54.700,33.080,9.150,
0.050,5.000,5,20,92.000,1835.090,25.000,79.500,40.880,8.870,
0.050,5.000,6,20,101.000,1941.750,25.000,89.000,43.290,10.100,
0.050,5.000,7,20,105.000,1654.850,25.000,95.900,36.350,8.490,
0.050,5.000,8,20,61.000,1480.540,25.000,49.600,32.120,8.100,
0.050,5.000,9,20,96.000,1774.270,25.000,85.500,36.700,8.830,
0.050,5.500,0,20,89.000,1732.260,27.500,77.800,38.790,8.900,
0.050,5.500,1,20,118.000,1919.030,27.500,105.600,48.080,9.100,
0.050,5.500,2,20,142.000,1760.080,27.500,130.600,42.390,10.640,
0.050,5.500,3,20,88.000,1931.230,27.500,75.200,42.100,9.190,
0.050,5.500,4,20,70.000,2035.200,27.500,58.900,36.770,8.930,
0.050,5.500,5,20,101.000,1835.090,27.500,88.200,47.660,8.830,
0.050,5.500,6,20,107.000,1941.750,27.500,94.800,45.520,9.680,
0.050,5.500,7,20,110.000,1654.850,27.500,100.300,40.340,8.870,
0.050,5.500,8,20,104.000,1480.540,27.500,93.400,37.770,8.400,
0.050,5.500,9,20,103.000,1774.270,27.500,92.200,39.010,8.830,
0.050,6.000,0,20,90.000,1732.260,30.000,78.600,41.070,8.810,
0.050,6.000,1,20,123.000,1919.030,30.000,111.000,56.010,9.280,
0.050,6.000,2,20,149.000,1760.080,30.000,137.100,45.760,10.670,
0.050,6.000,3,20,93.000,1931.230,30.000,80.100,44.640,9.310,
0.050,6.000,4,20,72.000,2035.200,30.000,60.500,39.840,9.240,
0.050,6.000,5,20,112.000,1835.090,30.000,100.100,52.660,8.670,
0.050,6.000,6,20,113.000,1941.750,30.000,100.700,48.800,10.430,
0.050,6.000,7,20,115.000,1654.850,30.000,105.400,43.160,8.050,
0.050,6.000,8,20,110.000,1480.540,30.000,100.300,44.250,8.360,
0.050,6.000,9,20,107.000,1774.270,30.000,97.000,45.800,8.640,
0.050,6.500,0,20,124.000,1732.260,32.500,112.500,45.680,8.550,
0.050,6.500,1,20,127.000,1919.030,32.500,116.200,58.210,8.740,
0.050,6.500,2,20,154.000,1760.080,32.500,142.800,48.460,10.710,
0.050,6.500,3,20,96.000,1931.230,32.500,83.400,47.900,8.980,
0.050,6.500,4,20,75.000,2035.200,32.500,62.200,42.580,9.380,
0.050,6.500,5,20,117.000,1835.090,32.500,105.400,56.600,9.010,
0.050,6.500,6,20,117.000,1941.750,32.500,104.700,51.650,10.310,
0.050,6.500,7,20,119.000,1654.850,32.500,109.400,45.190,8.480,
0.050,6.500,8,20,116.000,1480.540,32.500,105.700,47.560,8.560,
0.050,6.500,9,20,114.000,1774.270,32.500,103.300,50.420,9.070,
0.050,7.000,0,20,129.000,1732.260,35.000,117.100,48.370,9.000,
0.050,7.000,1,20,134.000,1919.030,35.000,123.200,60.550,9.290,
0.050,7.000,2,20,160.000,1760.080,35.000,148.100,51.500,10.100,
0.050,7.000,3,20,99.000,1931.230,35.000,86.800,49.750,9.400,
0.050,7.000,4,20,115.000,2035.200,35.000,106.300,48.730,9.220,
0.050,7.000,5,20,122.000,1835.090,35.000,110.500,58.890,8.820,
0.050,7.000,6,20,147.000,1941.750,35.000,137.200,56.560,10.310,
0.050,7.000,7,20,123.000,1654.850,35.000,113.600,47.140,8.700,
0.050,7.000,8,20,120.000,1480.540,35.000,110.300,50.270,7.980,
0.050,7.000,9,20,119.000,1774.270,35.000,108.200,52.760,9.080,
0.060,3.000,0,20,52.000,1732.260,15.000,40.500,21.410,9.110,
0.060,3.000,1,20,86.000,1919.030,15.000,73.200,27.450,9.270,
0.060,3.000,2,20,105.000,1760.080,15.000,93.900,25.890,10.230,
0.060,3.000,3,20,78.000,1931.230,15.000,67.400,28.210,8.870,
0.060,3.000,4,20,54.000,2035.200,15.000,42.700,22.270,9.530,
0.060,3.000,5,20,81.000,1835.090,15.000,68.400,22.210,8.750,
0.060,3.000,6,20,74.000,1941.750,15.000,63.000,27.730,9.990,
0.060,3.000,7,20,97.000,1654.850,15.000,87.900,25.290,8.700,
0.060,3.000,8,20,44.000,1480.540,15.000,34.200,18.740,8.560,
0.060,3.000,9,20,66.000,1774.270,15.000,53.700,24.400,8.860,
0.060,3.500,0,20,55.000,1732.260,17.500,43.200,23.690,9.050,
0.060,3.500,1,20,92.000,1919.030,17.500,79.700,31.660,9.340,
0.060,3.500,2,20,129.000,1760.080,17.500,117.600,29.400,10.020,
0.060,3.500,3,20,81.000,1931.230,17.500,70.600,31.560,9.130,
0.060,3.500,4,20,56.000,2035.200,17.500,45.000,24.730,9.250,
0.060,3.500,5,20,86.000,1835.090,17.500,73.200,25.680,9.090,
0.060,3.500,6,20,90.000,1941.750,17.500,77.300,33.490,10.500,
0.060,3.500,7,20,104.000,1654.850,17.500,94.400,29.160,8.680,
0.060,3.500,8,20,47.000,1480.540,17.500,37.300,24.290,8.320,
0.060,3.500,9,20,70.000,1774.270,17.500,57.300,27.010,8.830,
0.060,4.000,0,20,73.000,1732.260,20.000,64.000,26.880,9.250,
0.060,4.000,1,20,99.000,1919.030,20.000,86.800,35.520,9.060,
0.060,4.000,2,20,137.000,1760.080,20.000,125.900,33.050,9.900,
0.060,4.000,3,20,83.000,1931.230,20.000,72.700,33.860,9.260,
0.060,4.000,4,20,62.000,2035.200,20.000,49.000,28.800,9.440,
0.060,4.000,5,20,92.000,1835.090,20.000,79.300,31.690,8.630,
0.060,4.000,6,20,99.000,1941.750,20.000,86.800,36.720,9.890,
0.060,4.000,7,20,109.000,1654.850,20.000,99.500,31.280,8.740,
0.060,4.000,8,20,58.000,1480.540,20.000,46.400,28.060,8.700,
0.060,4.000,9,20,72.000,1774.270,20.000,59.500,30.180,9.100,
0.060,4.500,0,20,81.000,1732.260,22.500,69.900,30.260,9.070,
0.060,4.500,1,20,105.000,1919.030,22.500,92.800,38.000,9.580,
0.060,4.500,2,20,147.000,1760.080,22.500,135.700,35.440,10.050,
0.060,4.500,3,20,85.000,1931.230,22.500,74.300,36.730,8.940,
0.060,4.500,4,20,66.000,2035.200,22.500,52.300,31.300,9.310,
0.060,4.500,5,20,101.000,1835.090,22.500,88.100,41.030,8.580,
0.060,4.500,6,20,105.000,1941.750,22.500,93.000,41.490,10.120,
0.060,4.500,7,20,114.000,1654.850,22.500,104.800,33.400,8.520,
0.060,4.500,8,20,59.000,1480.540,22.500,48.000,30.430,8.480,
0.060,4.500,9,20,74.000,1774.270,22.500,62.500,32.530,8.930,
0.060,5.000,0,20,85.000,1732.260,25.000,73.600,35.580,9.300,
0.060,5.000,1,20,128.000,1919.030,25.000,115.900,45.830,9.460,
0.060,5.000,2,20,156.000,1760.080,25.000,144.200,40.600,10.620,
0.060,5.000,3,20,91.000,1931.230,25.000,78.300,40.410,9.300,
0.060,5.000,4,20,68.000,2035.200,25.000,54.700,33.290,9.210,
0.060,5.000,5,20,103.000,1835.090,25.000,90.600,43.280,8.770,
0.060,5.000,6,20,111.000,1941.750,25.000,98.700,44.020,9.900,
0.060,5.000,7,20,119.000,1654.850,25.000,109.100,37.190,8.830,
0.060,5.000,8,20,61.000,1480.540,25.000,49.600,32.120,8.150,
0.060,5.000,9,20,105.000,1774.270,25.000,95.000,37.230,8.750,
0.060,5.500,0,20,89.000,1732.260,27.500,77.800,38.890,8.920,
0.060,5.500,1,20,134.000,1919.030,27.500,121.900,50.950,8.960,
0.060,5.500,2,20,163.000,1760.080,27.500,151.100,43.450,10.620,
0.060,5.500,3,20,93.000,1931.230,27.500,80.600,42.470,9.320,
0.060,5.500,4,20,70.000,2035.200,27.500,58.900,37.530,9.460,
0.060,5.500,5,20,116.000,1835.090,27.500,105.200,49.220,8.870,
0.060,5.500,6,20,115.000,1941.750,27.500,103.000,46.120,10.060,
0.060,5.500,7,20,124.000,1654.850,27.500,114.400,41.410,8.530,
0.060,5.500,8,20,115.000,1480.540,27.500,104.300,38.330,8.090,
0.060,5.500,9,20,111.000,1774.270,27.500,100.200,39.440,9.030,
0.060,6.000,0,20,90.000,1732.260,30.000,78.600,41.230,8.950,
0.060,6.000,1,20,147.000,1919.030,30.000,134.700,58.900,9.230,
0.060,6.000,2,20,169.000,1760.080,30.000,157.200,46.790,10.770,
0.060,6.000,3,20,95.000,1931.230,30.000,82.100,44.740,9.020,
0.060,6.000,4,20,72.000,2035.200,30.000,60.500,40.020,9.260,
0.060,6.000,5,20,126.000,1835.090,30.000,115.300,55.760,9.050,
0.060,6.000,6,20,158.000,1941.750,30.000,148.600,53.660,10.010,
0.060,6.000,7,20,130.000,1654.850,30.000,120.800,43.930,8.600,
0.060,6.000,8,20,128.000,1480.540,30.000,117.300,45.410,8.440,
0.060,6.000,9,20,116.000,1774.270,30.000,105.100,46.720,8.910,
0.060,6.500,0,20,131.000,1732.260,32.500,119.200,46.210,8.800,
0.060,6.500,1,20,151.000,1919.030,32.500,138.600,61.530,9.480,
0.060,6.500,2,20,175.000,1760.080,32.500,163.100,49.510,10.130,
0.060,6.500,3,20,96.000,1931.230,32.500,83.800,47.980,9.500,
0.060,6.500,4,20,75.000,2035.200,32.500,62.200,42.630,9.040,
0.060,6.500,5,20,129.000,1835.090,32.500,118.900,58.480,9.130,
0.060,6.500,6,20,163.000,1941.750,32.500,153.400,55.980,10.250,
0.060,6.500,7,20,133.000,1654.850,32.500,124.000,45.920,8.670,
0.060,6.500,8,20,142.000,1480.540,32.500,131.700,49.020,8.050,
0.060,6.500,9,20,128.000,1774.270,32.500,118.300,52.510,9.020,
0.060,7.000,0,20,133.000,1732.260,35.000,121.700,48.860,9.200,
0.060,7.000,1,20,154.000,1919.030,35.000,141.200,63.610,9.420,
0.060,7.000,2,20,185.000,1760.080,35.000,173.300,52.790,10.210,
0.060,7.000,3,20,109.000,1931.230,35.000,97.000,50.400,9.330,
0.060,7.000,4,20,123.000,2035.200,35.000,114.300,49.290,9.600,
0.060,7.000,5,20,132.000,1835.090,35.000,121.600,60.660,8.880,
0.060,7.000,6,20,177.000,1941.750,35.000,167.200,58.410,10.160,
0.060,7.000,7,20,138.000,1654.850,35.000,128.600,48.120,8.690,
0.060,7.000,8,20,147.000,1480.540,35.000,136.700,51.830,8.030,
0.060,7.000,9,20,131.000,1774.270,35.000,121.400,54.560,9.190,
0.070,3.000,0,20,74.000,1732.260,15.000,64.700,23.280,9.110,
0.070,3.000,1,20,95.000,1919.030,15.000,83.000,30.530,9.060,
0.070,3.000,2,20,133.000,1760.080,15.000,121.200,28.710,9.820,
0.070,3.000,3,20,88.000,1931.230,15.000,77.000,32.130,9.250,
0.070,3.000,4,20,64.000,2035.200,15.000,52.200,24.030,9.130,
0.070,3.000,5,20,98.000,1835.090,15.000,85.700,25.460,8.810,
0.070,3.000,6,20,96.000,1941.750,15.000,83.100,35.750,10.110,
0.070,3.000,7,20,108.000,1654.850,15.000,98.700,28.710,8.840,
0.070,3.000,8,20,47.000,1480.540,15.000,36.700,19.040,8.300,
0.070,3.000,9,20,74.000,1774.270,15.000,61.600,25.740,9.000,
0.070,3.500,0,20,83.000,1732.260,17.500,71.200,27.710,8.840,
0.070,3.500,1,20,104.000,1919.030,17.500,91.300,34.750,9.260,
0.070,3.500,2,20,144.000,1760.080,17.500,132.800,31.230,10.330,
0.070,3.500,3,20,93.000,1931.230,17.500,80.400,35.660,8.760,
0.070,3.500,4,20,67.000,2035.200,17.500,53.300,26.190,9.470,
0.070,3.500,5,20,104.000,1835.090,17.500,91.100,31.450,9.130,
0.070,3.500,6,20,104.000,1941.750,17.500,91.400,38.530,9.790,
0.070,3.500,7,20,115.000,1654.850,17.500,106.000,31.140,8.640,
0.070,3.500,8,20,105.000,1480.540,17.500,94.100,27.540,8.500,
0.070,3.500,9,20,77.000,1774.270,17.500,64.500,28.730,8.870,
0.070,4.000,0,20,122.000,1732.260,20.000,110.900,31.740,9.110,
0.070,4.000,1,20,113.000,1919.030,20.000,100.300,38.710,9.520,
0.070,4.000,2,20,156.000,1760.080,20.000,144.400,34.880,10.380,
0.070,4.000,3,20,95.000,1931.230,20.000,83.000,38.230,9.600,
0.070,4.000,4,20,69.000,2035.200,20.000,55.200,29.700,9.200,
0.070,4.000,5,20,114.000,1835.090,20.000,103.600,36.050,9.050,
0.070,4.000,6,20,150.000,1941.750,20.000,140.200,47.730,10.340,
0.070,4.000,7,20,123.000,1654.850,20.000,113.400,33.190,8.750,
0.070,4.000,8,20,111.000,1480.540,20.000,100.700,31.700,8.820,
0.070,4.000,9,20,107.000,1774.270,20.000,96.200,34.050,9.110,
0.070,4.500,0,20,128.000,1732.260,22.500,116.700,34.060,9.110,
0.070,4.500,1,20,123.000,1919.030,22.500,110.500,41.240,9.510,
0.070,4.500,2,20,165.000,1760.080,22.500,153.500,39.410,10.830,
0.070,4.500,3,20,108.000,1931.230,22.500,95.400,41.330,9.180,
0.070,4.500,4,20,70.000,2035.200,22.500,56.700,31.990,9.380,
0.070,4.500,5,20,126.000,1835.090,22.500,115.700,45.900,9.080,
0.070,4.500,6,20,158.000,1941.750,22.500,148.200,50.330,9.890,
0.070,4.500,7,20,132.000,1654.850,22.500,122.800,35.360,8.810,
0.070,4.500,8,20,125.000,1480.540,22.500,114.800,34.580,8.780,
0.070,4.500,9,20,114.000,1774.270,22.500,103.700,36.080,8.950,
0.070,5.000,0,20,133.000,1732.260,25.000,121.400,40.700,9.370,
0.070,5.000,1,20,155.000,1919.030,25.000,142.500,50.950,9.750,
0.070,5.000,2,20,173.000,1760.080,25.000,161.600,43.720,10.700,
0.070,5.000,3,20,111.000,1931.230,25.000,99.000,43.360,9.350,
0.070,5.000,4,20,72.000,2035.200,25.000,58.200,33.790,9.750,
0.070,5.000,5,20,131.000,1835.090,25.000,120.700,48.120,9.190,
0.070,5.000,6,20,174.000,1941.750,25.000,164.600,53.230,10.390,
0.070,5.000,7,20,139.000,1654.850,25.000,130.000,39.340,8.800,
0.070,5.000,8,20,142.000,1480.540,25.000,131.400,40.430,8.370,
0.070,5.000,9,20,120.000,1774.270,25.000,109.800,39.150,8.940,
0.070,5.500,0,20,138.000,1732.260,27.500,126.700,44.730,9.090,
0.070,5.500,1,20,167.000,1919.030,27.500,155.000,55.710,9.180,
0.070,5.500,2,20,186.000,1760.080,27.500,174.300,47.390,10.990,
0.070,5.500,3,20,114.000,1931.230,27.500,101.900,45.420,9.080,
0.070,5.500,4,20,74.000,2035.200,27.500,62.100,38.300,9.670,
0.070,5.500,5,20,145.000,1835.090,27.500,134.200,57.860,9.040,
0.070,5.500,6,20,183.000,1941.750,27.500,173.200,55.440,10.800,
0.070,5.500,7,20,144.000,1654.850,27.500,134.100,43.080,9.150,
0.070,5.500,8,20,207.000,1480.540,27.500,197.400,48.140,8.720,
0.070,5.500,9,20,125.000,1774.270,27.500,114.700,41.220,8.960,
0.070,6.000,0,20,142.000,1732.260,30.000,130.400,47.060,9.160,
0.070,6.000,1,20,172.000,1919.030,30.000,159.700,64.050,9.590,
0.070,6.000,2,20,200.000,1760.080,30.000,188.800,51.290,10.990,
0.070,6.000,3,20,122.000,1931.230,30.000,109.500,47.810,9.440,
0.070,6.000,4,20,114.000,2035.200,30.000,101.200,42.730,9.720,
0.070,6.000,5,20,150.000,1835.090,30.000,138.600,64.520,9.740,
0.070,6.000,6,20,190.000,1941.750,30.000,180.400,58.230,10.480,
0.070,6.000,7,20,148.000,1654.850,30.000,138.700,45.520,8.960,
0.070,6.000,8,20,219.000,1480.540,30.000,209.500,52.500,8.720,
0.070,6.000,9,20,155.000,1774.270,30.000,144.600,51.760,9.550,
0.070,6.500,0,20,157.000,1732.260,32.500,145.900,50.560,9.640,
0.070,6.500,1,20,177.000,1919.030,32.500,164.400,67.000,9.550,
0.070,6.500,2,20,251.000,1760.080,32.500,240.000,56.140,11.050,
0.070,6.500,3,20,125.000,1931.230,32.500,113.000,50.780,9.380,
0.070,6.500,4,20,136.000,2035.200,32.500,127.100,48.880,9.690,
0.070,6.500,5,20,162.000,1835.090,32.500,150.400,68.650,8.920,
0.070,6.500,6,20,199.000,1941.750,32.500,189.900,60.660,10.350,
0.070,6.500,7,20,152.000,1654.850,32.500,142.600,47.520,8.510,
0.070,6.500,8,20,227.000,1480.540,32.500,217.400,55.840,8.680,
0.070,6.500,9,20,160.000,1774.270,32.500,149.400,57.160,9.220,
0.070,7.000,0,20,161.000,1732.260,35.000,149.900,52.430,9.370,
0.070,7.000,1,20,180.000,1919.030,35.000,167.700,69.200,9.090,
0.070,7.000,2,20,251.000,1760.080,35.000,240.000,57.700,10.830,
0.070,7.000,3,20,129.000,1931.230,35.000,116.100,52.770,9.340,
0.070,7.000,4,20,138.000,2035.200,35.000,129.600,51.050,9.450,
0.070,7.000,5,20,169.000,1835.090,35.000,157.400,71.560,8.910,
0.070,7.000,6,20,231.000,1941.750,35.000,221.200,64.650,10.300,
0.070,7.000,7,20,155.000,1654.850,35.000,145.700,49.580,8.910,
0.070,7.000,8,20,233.000,1480.540,35.000,224.000,59.010,8.790,
0.070,7.000,9,20,166.000,1774.270,35.000,155.200,59.410,9.230,
0.080,3.000,0,20,116.000,1732.260,15.000,104.900,28.630,9.330,
0.080,3.000,1,20,105.000,1919.030,15.000,93.000,35.000,9.580,
0.080,3.000,2,20,148.000,1760.080,15.000,136.500,35.260,10.440,
0.080,3.000,3,20,105.000,1931.230,15.000,92.500,36.560,9.160,
0.080,3.000,4,20,72.000,2035.200,15.000,60.700,26.060,9.450,
0.080,3.000,5,20,108.000,1835.090,15.000,96.000,30.550,9.080,
0.080,3.000,6,20,106.000,1941.750,15.000,93.500,39.380,10.280,
0.080,3.000,7,20,119.000,1654.850,15.000,109.900,31.600,8.720,
0.080,3.000,8,20,109.000,1480.540,15.000,98.700,26.720,8.540,
0.080,3.000,9,20,87.000,1774.270,15.000,75.000,32.070,9.160,
0.080,3.500,0,20,127.000,1732.260,17.500,115.400,31.870,8.980,
0.080,3.500,1,20,117.000,1919.030,17.500,104.700,41.220,9.350,
0.080,3.500,2,20,161.000,1760.080,17.500,149.200,38.770,10.810,
0.080,3.500,3,20,111.000,1931.230,17.500,98.100,40.590,9.360,
0.080,3.500,4,20,125.000,2035.200,17.500,117.000,32.060,9.500,
0.080,3.500,5,20,125.000,1835.090,17.500,114.900,38.970,8.890,
0.080,3.500,6,20,114.000,1941.750,17.500,101.800,42.460,10.670,
0.080,3.500,7,20,134.000,1654.850,17.500,124.300,34.060,8.910,
0.080,3.500,8,20,117.000,1480.540,17.500,106.200,33.300,8.360,
0.080,3.500,9,20,113.000,1774.270,17.500,102.400,38.610,9.070,
0.080,4.000,0,20,134.000,1732.260,20.000,122.200,34.980,8.930,
0.080,4.000,1,20,138.000,1919.030,20.000,126.000,44.910,9.770,
0.080,4.000,2,20,171.000,1760.080,20.000,159.800,45.640,11.460,
0.080,4.000,3,20,115.000,1931.230,20.000,102.600,42.570,9.700,
0.080,4.000,4,20,132.000,2035.200,20.000,123.100,36.390,9.850,
0.080,4.000,5,20,142.000,1835.090,20.000,131.300,46.960,9.630,
0.080,4.000,6,20,175.000,1941.750,20.000,165.600,52.900,11.050,
0.080,4.000,7,20,142.000,1654.850,20.000,132.800,36.020,9.320,
0.080,4.000,8,20,191.000,1480.540,20.000,181.400,41.820,8.750,
0.080,4.000,9,20,127.000,1774.270,20.000,117.300,42.520,9.920,
0.080,4.500,0,20,141.000,1732.260,22.500,129.400,41.300,10.010,
0.080,4.500,1,20,148.000,1919.030,22.500,135.500,48.230,12.470,
0.080,4.500,2,20,187.000,1760.080,22.500,175.300,48.200,16.030,
0.080,4.500,3,20,123.000,1931.230,22.500,110.800,44.800,12.850,
0.080,4.500,4,20,139.000,2035.200,22.500,130.200,38.690,12.870,
0.080,4.500,5,20,150.000,1835.090,22.500,139.100,57.650,12.410,
0.080,4.500,6,20,186.000,1941.750,22.500,176.600,55.470,15.740,
0.080,4.500,7,20,150.000,1654.850,22.500,140.200,38.660,12.280,
0.080,4.500,8,20,208.000,1480.540,22.500,198.600,46.110,11.860,
0.080,4.500,9,20,133.000,1774.270,22.500,123.900,46.110,13.460,
0.080,5.000,0,20,158.000,1732.260,25.000,146.300,46.650,13.870,
0.080,5.000,1,20,180.000,1919.030,25.000,167.700,58.570,17.710,
0.080,5.000,2,20,202.000,1760.080,25.000,190.300,54.740,19.360,
0.080,5.000,3,20,128.000,1931.230,25.000,115.200,47.480,17.180,
0.080,5.000,4,20,143.000,2035.200,25.000,135.000,45.890,17.760,
0.080,5.000,5,20,163.000,1835.090,25.000,152.600,61.350,17.220,
0.080,5.000,6,20,199.000,1941.750,25.000,189.800,60.130,18.640,
0.080,5.000,7,20,155.000,1654.850,25.000,146.000,42.460,15.710,
0.080,5.000,8,20,223.000,1480.540,25.000,213.800,48.710,15.300,
0.080,5.000,9,20,158.000,1774.270,25.000,147.300,52.590,15.820,
0.080,5.500,0,20,168.000,1732.260,27.500,156.200,49.140,15.820,
0.080,5.500,1,20,195.000,1919.030,27.500,185.900,67.900,10.500,
0.080,5.500,2,20,251.000,1760.080,27.500,240.000,59.810,11.600,
0.080,5.500,3,20,132.000,1931.230,27.500,119.300,49.610,10.060,
0.080,5.500,4,20,152.000,2035.200,27.500,143.100,48.570,9.540,
0.080,5.500,5,20,170.000,1835.090,27.500,158.400,70.750,9.500,
0.080,5.500,6,20,228.000,1941.750,27.500,218.500,63.770,11.110,
0.080,5.500,7,20,161.000,1654.850,27.500,151.500,46.410,8.930,
0.080,5.500,8,20,232.000,1480.540,27.500,222.200,52.440,8.920,
0.080,5.500,9,20,164.000,1774.270,27.500,153.800,55.190,9.610,
0.080,6.000,0,20,172.000,1732.260,30.000,160.700,51.710,9.400,
0.080,6.000,1,20,210.000,1919.030,30.000,200.900,77.670,10.470,
0.080,6.000,2,20,251.000,1760.080,30.000,240.000,61.550,11.710,
0.080,6.000,3,20,136.000,1931.230,30.000,123.300,52.180,9.960,
0.080,6.000,4,20,154.000,2035.200,30.000,145.800,50.890,10.380,
0.080,6.000,5,20,176.000,1835.090,30.000,164.600,75.490,9.900,
0.080,6.000,6,20,242.000,1941.750,30.000,232.200,67.050,11.030,
0.080,6.000,7,20,165.000,1654.850,30.000,155.700,48.500,9.850,
0.080,6.000,8,20,241.000,1480.540,30.000,231.300,58.390,9.170,
0.080,6.000,9,20,170.000,1774.270,30.000,159.900,58.870,10.190,
0.080,6.500,0,20,176.000,1732.260,32.500,164.200,54.060,9.910,
0.080,6.500,1,20,218.000,1919.030,32.500,208.600,81.500,10.290,
0.080,6.500,2,20,251.000,1760.080,32.500,240.000,69.650,11.580,
0.080,6.500,3,20,139.000,1931.230,32.500,126.900,55.680,10.150,
0.080,6.500,4,20,157.000,2035.200,32.500,148.900,52.790,10.210,
0.080,6.500,5,20,196.000,1835.090,32.500,185.200,81.860,10.350,
0.080,6.500,6,20,249.000,1941.750,32.500,240.000,69.210,11.400,
0.080,6.500,7,20,168.000,1654.850,32.500,158.800,50.080,9.780,
0.080,6.500,8,20,249.000,1480.540,32.500,240.000,61.200,9.130,
0.080,6.500,9,20,176.000,1774.270,32.500,165.500,64.420,9.580,
0.080,7.000,0,20,179.000,1732.260,35.000,167.800,57.260,9.760,
0.080,7.000,1,20,229.000,1919.030,35.000,219.800,84.730,10.220,
0.080,7.000,2,20,252.000,1760.080,35.000,240.000,71.330,11.750,
0.080,7.000,3,20,142.000,1931.230,35.000,129.800,57.340,9.910,
0.080,7.000,4,20,159.000,2035.200,35.000,150.900,55.240,10.100,
0.080,7.000,5,20,199.000,1835.090,35.000,189.000,85.160,9.880,
0.080,7.000,6,20,249.000,1941.750,35.000,240.000,71.020,11.060,
0.080,7.000,7,20,172.000,1654.850,35.000,162.700,52.640,9.520,
0.080,7.000,8,20,249.000,1480.540,35.000,240.000,63.050,9.300,
0.080,7.000,9,20,182.000,1774.270,35.000,171.900,66.170,9.980,
0.090,3.000,0,20,129.000,1732.260,15.000,117.200,32.670,10.130,
0.090,3.000,1,20,118.000,1919.030,15.000,105.300,41.170,10.200,
0.090,3.000,2,20,162.000,1760.080,15.000,150.600,46.190,11.400,
0.090,3.000,3,20,115.000,1931.230,15.000,102.600,50.500,10.250,
0.090,3.000,4,20,129.000,2035.200,15.000,120.500,33.060,10.080,
0.090,3.000,5,20,128.000,1835.090,15.000,117.500,38.100,9.920,
0.090,3.000,6,20,115.000,1941.750,15.000,102.600,43.910,11.180,
0.090,3.000,7,20,140.000,1654.850,15.000,130.600,37.840,9.320,
0.090,3.000,8,20,127.000,1480.540,15.000,117.000,32.070,9.060,
0.090,3.000,9,20,116.000,1774.270,15.000,105.500,40.400,9.860,
0.090,3.500,0,20,138.000,1732.260,17.500,127.000,36.160,9.840,
0.090,3.500,1,20,169.000,1919.030,17.500,160.000,49.590,10.360,
0.090,3.500,2,20,175.000,1760.080,17.500,163.300,46.210,11.740,
0.090,3.500,3,20,131.000,1931.230,17.500,120.400,54.680,10.110,
0.090,3.500,4,20,140.000,2035.200,17.500,131.600,37.060,10.460,
0.090,3.500,5,20,148.000,1835.090,17.500,137.800,45.750,9.950,
0.090,3.500,6,20,126.000,1941.750,17.500,113.300,49.440,11.500,
0.090,3.500,7,20,150.000,1654.850,17.500,140.700,40.310,9.380,
0.090,3.500,8,20,202.000,1480.540,17.500,193.000,46.260,9.040,
0.090,3.500,9,20,129.000,1774.270,17.500,119.700,46.620,9.750,
0.090,4.000,0,20,156.000,1732.260,20.000,145.000,39.020,9.880,
0.090,4.000,1,20,182.000,1919.030,20.000,172.700,54.120,10.050,
0.090,4.000,2,20,194.000,1760.080,20.000,182.700,54.480,11.750,
0.090,4.000,3,20,143.000,1931.230,20.000,132.500,59.280,10.050,
0.090,4.000,4,20,152.000,2035.200,20.000,143.600,40.590,10.130,
0.090,4.000,5,20,164.000,1835.090,20.000,154.000,62.600,10.260,
0.090,4.000,6,20,198.000,1941.750,20.000,188.600,62.120,10.920,
0.090,4.000,7,20,175.000,1654.850,20.000,164.500,48.300,9.730,
0.090,4.000,8,20,221.000,1480.540,20.000,211.500,52.300,9.270,
0.090,4.000,9,20,157.000,1774.270,20.000,146.100,52.680,10.140,
0.090,4.500,0,20,169.000,1732.260,22.500,158.000,45.810,9.640,
0.090,4.500,1,20,195.000,1919.030,22.500,185.800,60.400,9.840,
0.090,4.500,2,20,251.000,1760.080,22.500,240.000,67.760,11.670,
0.090,4.500,3,20,148.000,1931.230,22.500,137.200,61.910,10.340,
0.090,4.500,4,20,158.000,2035.200,22.500,149.700,45.710,10.340,
0.090,4.500,5,20,173.000,1835.090,22.500,162.200,70.880,10.110,
0.090,4.500,6,20,227.000,1941.750,22.500,217.400,66.950,11.640,
0.090,4.500,7,20,185.000,1654.850,22.500,175.000,53.310,9.800,
0.090,4.500,8,20,232.000,1480.540,22.500,222.400,53.300,9.190,
0.090,4.500,9,20,164.000,1774.270,22.500,153.800,56.750,9.900,
0.090,5.000,0,20,175.000,1732.260,25.000,163.600,51.650,9.890,
0.090,5.000,1,20,212.000,1919.030,25.000,201.500,83.930,10.290,
0.090,5.000,2,20,251.000,1760.080,25.000,240.000,71.440,11.710,
0.090,5.000,3,20,152.000,1931.230,25.000,141.700,61.900,9.830,
0.090,5.000,4,20,164.000,2035.200,25.000,155.300,50.280,10.190,
0.090,5.000,5,20,198.000,1835.090,25.000,187.900,81.840,9.780,
0.090,5.000,6,20,242.000,1941.750,25.000,232.500,69.920,11.080,
0.090,5.000,7,20,200.000,1654.850,25.000,189.200,57.170,9.370,
0.090,5.000,8,20,243.000,1480.540,25.000,233.300,55.910,8.980,
0.090,5.000,9,20,172.000,1774.270,25.000,161.300,61.170,10.090,
0.090,5.500,0,20,181.000,1732.260,27.500,169.500,54.940,9.920,
0.090,5.500,1,20,223.000,1919.030,27.500,210.900,87.920,10.110,
0.090,5.500,2,20,252.000,1760.080,27.500,240.000,75.480,11.570,
0.090,5.500,3,20,145.000,1931.230,27.500,132.400,58.320,9.980,
0.090,5.500,4,20,168.000,2035.200,27.500,159.800,52.210,10.190,
0.090,5.500,5,20,206.000,1835.090,27.500,195.200,87.370,10.110,
0.090,5.500,6,20,249.000,1941.750,27.500,240.000,73.100,11.410,
0.090,5.500,7,20,214.000,1654.850,27.500,203.500,61.360,9.520,
0.090,5.500,8,20,249.000,1480.540,27.500,240.000,64.220,9.480,
0.090,5.500,9,20,190.000,1774.270,27.500,180.400,64.250,9.790,
0.090,6.000,0,20,186.000,1732.260,30.000,174.300,58.070,9.690,
0.090,6.000,1,20,240.000,1919.030,30.000,227.600,93.580,11.050,
0.090,6.000,2,20,252.000,1760.080,30.000,240.000,79.640,12.260,
0.090,6.000,3,20,148.000,1931.230,30.000,135.900,62.310,10.760,
0.090,6.000,4,20,172.000,2035.200,30.000,163.100,57.940,10.870,
0.090,6.000,5,20,210.000,1835.090,30.000,199.800,90.360,10.620,
0.090,6.000,6,20,249.000,1941.750,30.000,240.000,75.840,12.210,
0.090,6.000,7,20,224.000,1654.850,30.000,213.900,63.570,10.500,
0.090,6.000,8,20,249.000,1480.540,30.000,240.000,73.110,9.770,
0.090,6.000,9,20,196.000,1774.270,30.000,187.000,67.000,10.430,
0.090,6.500,0,20,190.000,1732.260,32.500,178.800,63.500,10.410,
0.090,6.500,1,20,248.000,1919.030,32.500,238.700,97.770,11.470,
0.090,6.500,2,20,252.000,1760.080,32.500,240.000,81.970,13.020,
0.090,6.500,3,20,152.000,1931.230,32.500,139.300,60.530,11.140,
0.090,6.500,4,20,174.000,2035.200,32.500,165.500,61.780,11.470,
0.090,6.500,5,20,215.000,1835.090,32.500,204.200,94.190,10.990,
0.090,6.500,6,20,249.000,1941.750,32.500,240.000,78.300,12.560,
0.090,6.500,7,20,249.000,1654.850,32.500,240.000,70.470,10.880,
0.090,6.500,8,20,249.000,1480.540,32.500,240.000,80.680,10.290,
0.090,6.500,9,20,202.000,1774.270,32.500,192.400,70.810,10.990,
0.090,7.000,0,20,196.000,1732.260,35.000,184.400,66.400,11.070,
0.090,7.000,1,20,252.000,1919.030,35.000,240.000,102.500,12.020,
0.090,7.000,2,20,252.000,1760.080,35.000,240.000,86.580,13.540,
0.090,7.000,3,20,154.000,1931.230,35.000,142.000,62.050,11.780,
0.090,7.000,4,20,250.000,2035.200,35.000,240.000,71.720,11.850,
0.090,7.000,5,20,252.000,1835.090,35.000,240.000,100.840,11.640,
0.090,7.000,6,20,249.000,1941.750,35.000,240.000,81.280,12.820,
0.090,7.000,7,20,250.000,1654.850,35.000,240.000,73.090,10.640,
0.090,7.000,8,20,249.000,1480.540,35.000,240.000,82.870,10.730,
0.090,7.000,9,20,208.000,1774.270,35.000,197.500,73.440,11.390,
0.100,3.000,0,20,140.000,1732.260,15.000,128.100,36.680,11.130,
0.100,3.000,1,20,173.000,1919.030,15.000,163.500,50.260,11.620,
0.100,3.000,2,20,175.000,1760.080,15.000,163.800,55.880,13.070,
0.100,3.000,3,20,142.000,1931.230,15.000,131.200,61.340,11.870,
0.100,3.000,4,20,143.000,2035.200,15.000,134.700,39.240,11.600,
0.100,3.000,5,20,159.000,1835.090,15.000,148.400,59.010,11.380,
0.100,3.000,6,20,183.000,1941.750,15.000,173.100,62.510,12.970,
0.100,3.000,7,20,157.000,1654.850,15.000,146.300,50.250,10.570,
0.100,3.000,8,20,204.000,1480.540,15.000,194.900,49.910,10.250,
0.100,3.000,9,20,137.000,1774.270,15.000,125.000,55.050,11.420,
0.100,3.500,0,20,159.000,1732.260,17.500,147.900,39.590,11.320,
0.100,3.500,1,20,187.000,1919.030,17.500,177.300,62.000,11.750,
0.100,3.500,2,20,201.000,1760.080,17.500,188.300,68.470,13.410,
0.100,3.500,3,20,149.000,1931.230,17.500,138.300,64.660,11.960,
0.100,3.500,4,20,158.000,2035.200,17.500,149.800,43.960,11.580,
0.100,3.500,5,20,170.000,1835.090,17.500,159.200,66.220,11.180,
0.100,3.500,6,20,206.000,1941.750,17.500,196.600,69.430,12.780,
0.100,3.500,7,20,178.000,1654.850,17.500,167.800,53.190,10.820,
0.100,3.500,8,20,226.000,1480.540,17.500,216.700,56.310,10.730,
0.100,3.500,9,20,159.000,1774.270,17.500,148.900,59.410,11.040,
0.100,4.000,0,20,173.000,1732.260,20.000,162.000,43.520,11.230,
0.100,4.000,1,20,206.000,1919.030,20.000,196.100,68.480,11.420,
0.100,4.000,2,20,251.000,1760.080,20.000,240.000,76.230,13.290,
0.100,4.000,3,20,155.000,1931.230,20.000,144.700,67.410,11.610,
0.100,4.000,4,20,167.000,2035.200,20.000,159.000,54.170,10.990,
0.100,4.000,5,20,200.000,1835.090,20.000,189.600,83.960,10.960,
0.100,4.000,6,20,233.000,1941.750,20.000,223.400,70.140,12.590,
0.100,4.000,7,20,191.000,1654.850,20.000,180.900,58.340,10.740,
0.100,4.000,8,20,239.000,1480.540,20.000,229.200,62.390,10.340,
0.100,4.000,9,20,169.000,1774.270,20.000,158.200,63.360,11.350,
0.100,4.500,0,20,181.000,1732.260,22.500,170.000,53.740,11.200,
0.100,4.500,1,20,217.000,1919.030,22.500,208.000,84.610,11.660,
0.100,4.500,2,20,251.000,1760.080,22.500,240.000,79.950,12.930,
0.100,4.500,3,20,161.000,1931.230,22.500,150.100,70.080,11.600,
0.100,4.500,4,20,173.000,2035.200,22.500,165.000,64.130,11.100,
0.100,4.500,5,20,209.000,1835.090,22.500,198.700,94.250,11.190,
0.100,4.500,6,20,249.000,1941.750,22.500,240.000,74.370,12.950,
0.100,4.500,7,20,215.000,1654.850,22.500,204.300,69.280,10.690,
0.100,4.500,8,20,249.000,1480.540,22.500,240.000,65.700,10.480,
0.100,4.500,9,20,194.000,1774.270,22.500,184.600,65.180,10.880,
0.100,5.000,0,20,188.000,1732.260,25.000,177.000,61.450,11.210,
0.100,5.000,1,20,244.000,1919.030,25.000,231.200,104.970,12.270,
0.100,5.000,2,20,252.000,1760.080,25.000,240.000,85.880,13.660,
0.100,5.000,3,20,217.000,1931.230,25.000,206.100,74.890,12.340,
0.100,5.000,4,20,250.000,2035.200,25.000,240.000,83.530,12.080,
0.100,5.000,5,20,217.000,1835.090,25.000,206.700,103.120,11.630,
0.100,5.000,6,20,249.000,1941.750,25.000,240.000,79.440,13.300,
0.100,5.000,7,20,249.000,1654.850,25.000,240.000,80.010,11.170,
0.100,5.000,8,20,249.000,1480.540,25.000,240.000,73.010,10.670,
0.100,5.000,9,20,203.000,1774.270,25.000,193.400,68.260,11.520,
0.100,5.500,0,20,198.000,1732.260,27.500,186.400,66.560,11.400,
0.100,5.500,1,20,252.000,1919.030,27.500,240.000,110.030,11.470,
0.100,5.500,2,20,252.000,1760.080,27.500,240.000,88.280,12.920,
0.100,5.500,3,20,236.000,1931.230,27.500,226.000,78.040,11.730,
0.100,5.500,4,20,250.000,2035.200,27.500,240.000,86.750,11.670,
0.100,5.500,5,20,252.000,1835.090,27.500,240.000,111.190,11.140,
0.100,5.500,6,20,249.000,1941.750,27.500,240.000,81.800,12.670,
0.100,5.500,7,20,250.000,1654.850,27.500,240.000,85.040,10.780,
0.100,5.500,8,20,249.000,1480.540,27.500,240.000,81.460,10.300,
0.100,5.500,9,20,208.000,1774.270,27.500,199.000,80.520,11.190,
0.100,6.000,0,20,209.000,1732.260,30.000,197.600,69.250,11.030,
0.100,6.000,1,20,252.000,1919.030,30.000,240.000,115.880,13.800,
0.100,6.000,2,20,252.000,1760.080,30.000,240.000,89.950,15.430,
0.100,6.000,3,20,246.000,1931.230,30.000,235.700,80.350,13.440,
0.100,6.000,4,20,250.000,2035.200,30.000,240.000,90.980,13.350,
0.100,6.000,5,20,252.000,1835.090,30.000,240.000,122.830,13.410,
0.100,6.000,6,20,249.000,1941.750,30.000,240.000,84.630,15.340,
0.100,6.000,7,20,250.000,1654.850,30.000,240.000,90.960,13.110,
0.100,6.000,8,20,249.000,1480.540,30.000,240.000,91.230,12.780,
0.100,6.000,9,20,225.000,1774.270,30.000,216.000,86.260,13.920,
0.100,6.500,0,20,220.000,1732.260,32.500,208.700,72.970,13.110,
0.100,6.500,1,20,252.000,1919.030,32.500,240.000,121.910,15.190,
0.100,6.500,2,20,252.000,1760.080,32.500,240.000,91.890,17.100,
0.100,6.500,3,20,250.000,1931.230,32.500,240.000,83.470,14.970,
0.100,6.500,4,20,250.000,2035.200,32.500,240.000,94.500,15.260,
0.100,6.500,5,20,252.000,1835.090,32.500,240.000,126.170,14.830,
0.100,6.500,6,20,249.000,1941.750,32.500,240.000,87.070,16.610,
0.100,6.500,7,20,250.000,1654.850,32.500,240.000,93.540,14.000,
0.100,6.500,8,20,249.000,1480.540,32.500,240.000,88.590,14.020,
0.100,6.500,9,20,249.000,1774.270,32.500,240.000,90.360,14.690,
0.100,7.000,0,20,226.000,1732.260,35.000,214.300,74.390,14.400,
0.100,7.000,1,20,252.000,1919.030,35.000,240.000,132.400,15.580,
0.100,7.000,2,20,252.000,1760.080,35.000,240.000,106.740,17.530,
0.100,7.000,3,20,250.000,1931.230,35.000,240.000,86.970,15.110,
0.100,7.000,4,20,250.000,2035.200,35.000,240.000,103.200,15.190,
0.100,7.000,5,20,252.000,1835.090,35.000,240.000,128.810,15.240,
0.100,7.000,6,20,249.000,1941.750,35.000,240.000,101.300,17.360,
0.100,7.000,7,20,250.000,1654.850,35.000,240.000,101.930,14.290,
0.100,7.000,8,20,249.000,1480.540,35.000,240.000,102.480,14.060,
0.100,7.000,9,20,249.000,1774.270,35.000,240.000,93.480,14.760,
0.110,3.000,0,20,159.000,1732.260,15.000,147.600,47.190,14.650,
0.110,3.000,1,20,189.000,1919.030,15.000,179.100,59.410,15.270,
0.110,3.000,2,20,200.000,1760.080,15.000,187.100,69.550,17.600,
0.110,3.000,3,20,153.000,1931.230,15.000,142.600,71.100,15.830,
0.110,3.000,4,20,161.000,2035.200,15.000,152.800,52.050,15.830,
0.110,3.000,5,20,172.000,1835.090,15.000,161.800,72.310,15.270,
0.110,3.000,6,20,206.000,1941.750,15.000,196.700,71.920,17.120,
0.110,3.000,7,20,179.000,1654.850,15.000,168.300,62.140,14.640,
0.110,3.000,8,20,227.000,1480.540,15.000,217.900,62.480,13.970,
0.110,3.000,9,20,160.000,1774.270,15.000,149.600,63.420,14.990,
0.110,3.500,0,20,175.000,1732.260,17.500,163.800,52.270,14.900,
0.110,3.500,1,20,209.000,1919.030,17.500,199.900,76.620,15.450,
0.110,3.500,2,20,251.000,1760.080,17.500,240.000,78.590,17.160,
0.110,3.500,3,20,161.000,1931.230,17.500,151.000,74.540,15.130,
0.110,3.500,4,20,173.000,2035.200,17.500,164.400,66.220,15.500,
0.110,3.500,5,20,207.000,1835.090,17.500,196.100,80.220,14.740,
0.110,3.500,6,20,235.000,1941.750,17.500,225.700,79.740,16.730,
0.110,3.500,7,20,200.000,1654.850,17.500,189.100,69.610,14.250,
0.110,3.500,8,20,243.000,1480.540,17.500,233.400,68.090,13.710,
0.110,3.500,9,20,172.000,1774.270,17.500,161.300,68.060,14.670,
0.110,4.000,0,20,185.000,1732.260,20.000,173.800,60.000,14.610,
0.110,4.000,1,20,251.000,1919.030,20.000,240.000,90.460,14.990,
0.110,4.000,2,20,252.000,1760.080,20.000,240.000,89.920,16.700,
0.110,4.000,3,20,209.000,1931.230,20.000,199.000,81.610,14.320,
0.110,4.000,4,20,183.000,2035.200,20.000,174.600,72.880,14.910,
0.110,4.000,5,20,217.000,1835.090,20.000,206.900,99.450,14.020,
0.110,4.000,6,20,249.000,1941.750,20.000,240.000,98.210,16.640,
0.110,4.000,7,20,249.000,1654.850,20.000,240.000,80.880,13.890,
0.110,4.000,8,20,250.000,1480.540,20.000,240.000,86.200,13.480,
0.110,4.000,9,20,203.000,1774.270,20.000,193.400,80.160,14.310,
0.110,4.500,0,20,200.000,1732.260,22.500,188.800,72.600,14.000,
0.110,4.500,1,20,251.000,1919.030,22.500,240.000,108.810,14.900,
0.110,4.500,2,20,252.000,1760.080,22.500,240.000,88.160,17.070,
0.110,4.500,3,20,233.000,1931.230,22.500,222.800,79.640,14.730,
0.110,4.500,4,20,250.000,2035.200,22.500,240.000,85.360,14.950,
0.110,4.500,5,20,252.000,1835.090,22.500,240.000,108.660,14.570,
0.110,4.500,6,20,249.000,1941.750,22.500,240.000,107.510,16.730,
0.110,4.500,7,20,250.000,1654.850,22.500,240.000,85.590,13.920,
0.110,4.500,8,20,250.000,1480.540,22.500,240.000,93.880,13.500,
0.110,4.500,9,20,210.000,1774.270,22.500,201.000,86.040,14.510,
0.110,5.000,0,20,213.000,1732.260,25.000,201.100,73.800,14.310,
0.110,5.000,1,20,252.000,1919.030,25.000,240.000,132.160,14.880,
0.110,5.000,2,20,252.000,1760.080,25.000,240.000,97.420,16.500,
0.110,5.000,3,20,243.000,1931.230,25.000,232.600,82.250,14.280,
0.110,5.000,4,20,250.000,2035.200,25.000,240.000,97.600,14.730,
0.110,5.000,5,20,252.000,1835.090,25.000,240.000,123.310,14.030,
0.110,5.000,6,20,249.000,1941.750,25.000,240.000,104.710,15.870,
0.110,5.000,7,20,250.000,1654.850,25.000,240.000,94.750,13.710,
0.110,5.000,8,20,250.000,1480.540,25.000,240.000,97.290,13.150,
0.110,5.000,9,20,249.000,1774.270,25.000,240.000,91.860,13.830,
0.110,5.500,0,20,223.000,1732.260,27.500,211.100,77.920,13.960,
0.110,5.500,1,20,252.000,1919.030,27.500,240.000,137.720,15.300,
0.110,5.500,2,20,252.000,1760.080,27.500,240.000,102.340,17.300,
0.110,5.500,3,20,250.000,1931.230,27.500,240.000,88.980,14.980,
0.110,5.500,4,20,250.000,2035.200,27.500,240.000,104.640,14.950,
0.110,5.500,5,20,252.000,1835.090,27.500,240.000,128.400,14.730,
0.110,5.500,6,20,251.000,1941.750,27.500,240.000,111.080,16.640,
0.110,5.500,7,20,250.000,1654.850,27.500,240.000,105.290,14.060,
0.110,5.500,8,20,250.000,1480.540,27.500,240.000,115.030,13.610,
0.110,5.500,9,20,249.000,1774.270,27.500,240.000,96.140,14.320,
0.110,6.000,0,20,230.000,1732.260,30.000,218.800,80.940,14.550,
0.110,6.000,1,20,252.000,1919.030,30.000,240.000,140.220,15.280,
0.110,6.000,2,20,252.000,1760.080,30.000,240.000,104.430,17.220,
0.110,6.000,3,20,250.000,1931.230,30.000,240.000,88.350,14.890,
0.110,6.000,4,20,253.000,2035.200,30.000,240.000,117.930,15.260,
0.110,6.000,5,20,252.000,1835.090,30.000,240.000,141.390,14.790,
0.110,6.000,6,20,251.000,1941.750,30.000,240.000,121.170,16.960,
0.110,6.000,7,20,250.000,1654.850,30.000,240.000,113.210,14.390,
0.110,6.000,8,20,250.000,1480.540,30.000,240.000,121.600,13.850,
0.110,6.000,9,20,249.000,1774.270,30.000,240.000,100.160,14.640,
0.110,6.500,0,20,238.000,1732.260,32.500,226.600,83.570,14.420,
0.110,6.500,1,20,252.000,1919.030,32.500,240.000,149.220,15.690,
0.110,6.500,2,20,252.000,1760.080,32.500,240.000,120.120,17.530,
0.110,6.500,3,20,250.000,1931.230,32.500,240.000,110.780,15.300,
0.110,6.500,4,20,253.000,2035.200,32.500,240.000,120.200,15.590,
0.110,6.500,5,20,252.000,1835.090,32.500,240.000,138.840,14.900,
0.110,6.500,6,20,251.000,1941.750,32.500,240.000,122.380,17.150,
0.110,6.500,7,20,250.000,1654.850,32.500,240.000,117.130,14.660,
0.110,6.500,8,20,250.000,1480.540,32.500,240.000,122.760,14.060,
0.110,6.500,9,20,249.000,1774.270,32.500,240.000,99.950,14.880,
0.110,7.000,0,20,251.000,1732.260,35.000,240.000,87.410,14.660,
0.110,7.000,1,20,252.000,1919.030,35.000,240.000,157.660,15.330,
0.110,7.000,2,20,252.000,1760.080,35.000,240.000,121.820,17.470,
0.110,7.000,3,20,250.000,1931.230,35.000,240.000,112.810,15.160,
0.110,7.000,4,20,253.000,2035.200,35.000,240.000,133.450,15.400,
0.110,7.000,5,20,252.000,1835.090,35.000,240.000,141.060,14.810,
0.110,7.000,6,20,252.000,1941.750,35.000,240.000,127.060,16.880,
0.110,7.000,7,20,250.000,1654.850,35.000,240.000,120.030,14.400,
0.110,7.000,8,20,250.000,1480.540,35.000,240.000,123.830,13.460,
0.110,7.000,9,20,252.000,1774.270,35.000,240.000,111.950,14.990,
0.120,3.000,0,20,174.000,1732.260,15.000,162.900,54.580,14.400,
0.120,3.000,1,20,223.000,1919.030,15.000,211.800,89.280,15.300,
0.120,3.000,2,20,251.000,1760.080,15.000,240.000,88.250,17.170,
0.120,3.000,3,20,190.000,1931.230,15.000,179.400,80.030,15.200,
0.120,3.000,4,20,175.000,2035.200,15.000,166.400,68.460,15.450,
0.120,3.000,5,20,208.000,1835.090,15.000,197.900,82.050,14.540,
0.120,3.000,6,20,232.000,1941.750,15.000,222.600,93.680,16.890,
0.120,3.000,7,20,224.000,1654.850,15.000,215.000,78.120,14.480,
0.120,3.000,8,20,250.000,1480.540,15.000,240.000,82.860,13.960,
0.120,3.000,9,20,172.000,1774.270,15.000,161.500,77.780,14.860,
0.120,3.500,0,20,196.000,1732.260,17.500,185.000,60.040,14.550,
0.120,3.500,1,20,226.000,1919.030,17.500,216.600,98.000,15.300,
0.120,3.500,2,20,252.000,1760.080,17.500,240.000,97.700,17.270,
0.120,3.500,3,20,214.000,1931.230,17.500,203.800,86.770,15.340,
0.120,3.500,4,20,244.000,2035.200,17.500,233.700,87.200,15.440,
0.120,3.500,5,20,245.000,1835.090,17.500,232.400,100.580,14.730,
0.120,3.500,6,20,249.000,1941.750,17.500,240.000,106.420,17.000,
0.120,3.500,7,20,249.000,1654.850,17.500,240.000,85.240,14.390,
0.120,3.500,8,20,250.000,1480.540,17.500,240.000,90.530,13.840,
0.120,3.500,9,20,207.000,1774.270,17.500,197.400,86.780,14.770,
0.120,4.000,0,20,206.000,1732.260,20.000,195.000,67.720,14.560,
0.120,4.000,1,20,251.000,1919.030,20.000,240.000,119.570,15.200,
0.120,4.000,2,20,252.000,1760.080,20.000,240.000,103.160,17.020,
0.120,4.000,3,20,237.000,1931.230,20.000,226.200,93.720,15.030,
0.120,4.000,4,20,250.000,2035.200,20.000,240.000,94.200,14.860,
0.120,4.000,5,20,252.000,1835.090,20.000,240.000,122.770,14.380,
0.120,4.000,6,20,249.000,1941.750,20.000,240.000,111.930,16.530,
0.120,4.000,7,20,250.000,1654.850,20.000,240.000,92.700,14.070,
0.120,4.000,8,20,250.000,1480.540,20.000,240.000,96.530,13.520,
0.120,4.000,9,20,241.000,1774.270,20.000,231.200,92.430,14.550,
0.120,4.500,0,20,220.000,1732.260,22.500,208.100,81.450,14.520,
0.120,4.500,1,20,252.000,1919.030,22.500,240.000,132.250,15.090,
0.120,4.500,2,20,252.000,1760.080,22.500,240.000,120.470,16.900,
0.120,4.500,3,20,250.000,1931.230,22.500,240.000,106.650,14.760,
0.120,4.500,4,20,250.000,2035.200,22.500,240.000,97.950,14.880,
0.120,4.500,5,20,252.000,1835.090,22.500,240.000,127.060,14.250,
0.120,4.500,6,20,251.000,1941.750,22.500,240.000,118.120,16.640,
0.120,4.500,7,20,250.000,1654.850,22.500,240.000,103.090,14.310,
0.120,4.500,8,20,250.000,1480.540,22.500,240.000,102.130,13.210,
0.120,4.500,9,20,249.000,1774.270,22.500,240.000,104.360,14.450,
0.120,5.000,0,20,229.000,1732.260,25.000,218.000,86.760,14.240,
0.120,5.000,1,20,252.000,1919.030,25.000,240.000,155.130,15.230,
0.120,5.000,2,20,252.000,1760.080,25.000,240.000,129.050,16.920,
0.120,5.000,3,20,250.000,1931.230,25.000,240.000,110.840,14.870,
0.120,5.000,4,20,253.000,2035.200,25.000,240.000,119.130,14.850,
0.120,5.000,5,20,252.000,1835.090,25.000,240.000,139.470,14.620,
0.120,5.000,6,20,251.000,1941.750,25.000,240.000,127.220,16.450,
0.120,5.000,7,20,250.000,1654.850,25.000,240.000,109.830,13.790,
0.120,5.000,8,20,250.000,1480.540,25.000,240.000,118.510,13.480,
0.120,5.000,9,20,252.000,1774.270,25.000,240.000,115.590,14.580,
0.120,5.500,0,20,243.000,1732.260,27.500,233.600,96.280,14.260,
0.120,5.500,1,20,252.000,1919.030,27.500,240.000,152.150,12.950,
0.120,5.500,2,20,252.000,1760.080,27.500,240.000,131.060,14.230,
0.120,5.500,3,20,250.000,1931.230,27.500,240.000,124.300,12.660,
0.120,5.500,4,20,253.000,2035.200,27.500,240.000,129.300,12.980,
0.120,5.500,5,20,252.000,1835.090,27.500,240.000,158.000,12.660,
0.120,5.500,6,20,251.000,1941.750,27.500,240.000,130.890,13.780,
0.120,5.500,7,20,250.000,1654.850,27.500,240.000,118.600,11.500,
0.120,5.500,8,20,250.000,1480.540,27.500,240.000,132.610,11.430,
0.120,5.500,9,20,252.000,1774.270,27.500,240.000,119.510,11.780,
0.120,6.000,0,20,251.000,1732.260,30.000,240.000,106.210,11.600,
0.120,6.000,1,20,252.000,1919.030,30.000,240.000,154.870,10.610,
0.120,6.000,2,20,252.000,1760.080,30.000,240.000,132.740,11.670,
0.120,6.000,3,20,250.000,1931.230,30.000,240.000,126.960,10.250,
0.120,6.000,4,20,253.000,2035.200,30.000,240.000,135.200,10.740,
0.120,6.000,5,20,252.000,1835.090,30.000,240.000,160.550,10.330,
0.120,6.000,6,20,252.000,1941.750,30.000,240.000,139.030,11.310,
0.120,6.000,7,20,250.000,1654.850,30.000,240.000,122.100,9.960,
0.120,6.000,8,20,250.000,1480.540,30.000,240.000,136.530,9.600,
0.120,6.000,9,20,252.000,1774.270,30.000,240.000,125.450,9.800,
0.120,6.500,0,20,251.000,1732.260,32.500,240.000,109.340,10.080,
0.120,6.500,1,20,252.000,1919.030,32.500,240.000,167.330,13.190,
0.120,6.500,2,20,252.000,1760.080,32.500,240.000,136.770,14.570,
0.120,6.500,3,20,252.000,1931.230,32.500,240.000,127.870,12.440,
0.120,6.500,4,20,253.000,2035.200,32.500,240.000,146.360,13.110,
0.120,6.500,5,20,252.000,1835.090,32.500,240.000,164.940,12.710,
0.120,6.500,6,20,252.000,1941.750,32.500,240.000,146.330,15.000,
0.120,6.500,7,20,250.000,1654.850,32.500,240.000,124.980,11.590,
0.120,6.500,8,20,250.000,1480.540,32.500,240.000,141.820,11.830,
0.120,6.500,9,20,252.000,1774.270,32.500,240.000,128.110,12.590,
0.120,7.000,0,20,251.000,1732.260,35.000,240.000,117.410,12.670,
0.120,7.000,1,20,252.000,1919.030,35.100,240.000,170.030,15.950,
0.120,7.000,2,20,252.000,1760.080,35.000,240.000,138.730,17.760,
0.120,7.000,3,20,252.000,1931.230,35.000,240.000,139.310,15.720,
0.120,7.000,4,20,253.000,2035.200,35.000,240.000,150.400,15.980,
0.120,7.000,5,20,252.000,1835.090,35.000,240.000,166.710,15.260,
0.120,7.000,6,20,252.000,1941.750,35.000,240.000,158.460,17.390,
0.120,7.000,7,20,252.000,1654.850,35.000,240.000,128.900,14.680,
0.120,7.000,8,20,252.000,1480.540,35.000,240.000,149.620,14.230,
0.120,7.000,9,20,252.000,1774.270,35.000,240.000,139.120,15.470,
0.130,3.000,0,20,198.000,1732.260,15.000,186.100,63.690,14.920,
0.130,3.000,1,20,249.000,1919.030,15.000,237.600,106.550,15.500,
0.130,3.000,2,20,252.000,1760.080,15.000,240.000,103.840,17.620,
0.130,3.000,3,20,214.000,1931.230,15.000,203.300,92.230,15.580,
0.130,3.000,4,20,244.000,2035.200,15.000,233.100,113.090,15.580,
0.130,3.000,5,20,244.000,1835.090,15.000,231.200,117.420,14.900,
0.130,3.000,6,20,249.000,1941.750,15.000,240.000,108.820,17.290,
0.130,3.000,7,20,249.000,1654.850,16.000,240.000,92.350,14.480,
0.130,3.000,8,20,250.000,1480.540,15.000,240.000,105.250,14.130,
0.130,3.000,9,20,208.000,1774.270,15.000,198.700,94.140,14.940,
0.130,3.500,0,20,215.000,1732.260,17.500,203.100,67.980,14.800,
0.130,3.500,1,20,251.000,1919.030,17.500,240.000,126.760,15.800,
0.130,3.500,2,20,252.000,1760.080,17.500,240.000,118.620,17.670,
0.130,3.500,3,20,238.000,1931.230,17.500,227.100,99.160,15.470,
0.130,3.500,4,20,250.000,2035.200,17.500,240.000,118.140,15.750,
0.130,3.500,5,20,252.000,1835.090,17.500,240.000,132.420,15.230,
0.130,3.500,6,20,251.000,1941.750,17.500,240.000,116.920,17.020,
0.130,3.500,7,20,250.000,1654.850,17.500,240.000,110.840,14.670,
0.130,3.500,8,20,250.000,1480.540,17.500,240.000,113.210,14.240,
0.130,3.500,9,20,249.000,1774.270,17.500,240.000,109.840,14.990,
0.130,4.000,0,20,225.000,1732.260,20.000,213.100,91.200,15.020,
0.130,4.000,1,20,252.000,1919.030,20.000,240.000,138.970,15.170,
0.130,4.000,2,20,252.000,1760.080,20.000,240.000,129.260,17.130,
0.130,4.000,3,20,250.000,1931.230,20.000,240.000,114.520,14.900,
0.130,4.000,4,20,253.000,2035.200,20.000,240.000,116.800,15.060,
0.130,4.000,5,20,252.000,1835.090,20.000,240.000,138.780,14.480,
0.130,4.000,6,20,251.000,1941.750,20.000,240.000,129.510,16.680,
0.130,4.000,7,20,250.000,1654.850,20.000,240.000,117.980,14.270,
0.130,4.000,8,20,250.000,1480.540,20.000,240.000,124.080,13.770,
0.130,4.000,9,20,252.000,1774.270,20.000,240.000,116.150,14.490,
0.130,4.500,0,20,239.000,1732.260,22.500,229.300,109.790,14.420,
0.130,4.500,1,20,252.000,1919.030,22.500,240.000,155.330,15.360,
0.130,4.500,2,20,252.000,1760.080,22.500,240.000,135.390,17.350,
0.130,4.500,3,20,250.000,1931.230,22.500,240.000,121.950,15.490,
0.130,4.500,4,20,253.000,2035.200,22.500,240.000,136.000,15.500,
0.130,4.500,5,20,252.000,1835.090,22.500,240.000,153.720,14.710,
0.130,4.500,6,20,251.000,1941.750,22.500,240.000,134.310,17.200,
0.130,4.500,7,20,250.000,1654.850,22.500,240.000,112.720,14.560,
0.130,4.500,8,20,250.000,1480.540,22.500,240.000,116.370,13.850,
0.130,4.500,9,20,252.000,1774.270,22.500,240.000,120.380,14.980,
0.130,5.000,0,20,251.000,1732.260,25.000,240.000,115.000,14.890,
0.130,5.000,1,20,252.000,1919.030,25.000,240.000,166.150,15.640,
0.130,5.000,2,20,252.000,1760.080,25.000,240.000,138.090,17.480,
0.130,5.000,3,20,252.000,1931.230,25.000,240.000,140.890,15.330,
0.130,5.000,4,20,253.000,2035.200,25.000,240.000,138.700,15.260,
0.130,5.000,5,20,252.000,1835.090,25.000,240.000,160.690,15.020,
0.130,5.000,6,20,252.000,1941.750,25.000,240.000,143.880,17.010,
0.130,5.000,7,20,250.000,1654.850,25.000,240.000,121.170,14.680,
0.130,5.000,8,20,252.000,1480.540,25.000,240.000,139.480,13.890,
0.130,5.000,9,20,252.000,1774.270,25.000,240.000,130.060,14.840,
0.130,5.500,0,20,251.000,1732.260,27.500,240.000,130.410,14.630,
0.130,5.500,1,20,252.000,1919.030,27.500,240.000,171.650,15.670,
0.130,5.500,2,20,252.000,1760.080,27.500,240.000,140.820,17.620,
0.130,5.500,3,20,253.000,1931.230,27.500,240.000,149.680,15.760,
0.130,5.500,4,20,253.000,2035.200,27.500,240.000,156.770,16.050,
0.130,5.500,5,20,252.000,1835.090,27.500,240.000,173.740,15.580,
0.130,5.500,6,20,252.000,1941.750,27.500,240.000,148.460,17.690,
0.130,5.500,7,20,250.000,1654.850,27.500,240.000,131.340,14.990,
0.130,5.500,8,20,252.000,1480.540,27.500,240.000,157.430,14.180,
0.130,5.500,9,20,252.000,1774.270,27.500,240.000,135.050,15.380,
0.130,6.000,0,20,251.000,1732.260,30.000,240.000,134.070,15.190,
0.130,6.000,1,20,252.000,1919.030,30.000,240.000,177.810,15.870,
0.130,6.000,2,20,252.000,1760.080,30.000,240.000,141.380,17.780,
0.130,6.000,3,20,253.000,1931.230,30.000,240.000,151.290,15.800,
0.130,6.000,4,20,253.000,2035.200,30.000,240.000,168.170,15.740,
0.130,6.000,5,20,252.000,1835.090,30.000,240.000,178.450,15.450,
0.130,6.000,6,20,252.000,1941.750,30.000,240.000,160.530,17.620,
0.130,6.000,7,20,252.000,1654.850,30.000,240.000,138.270,14.920,
0.130,6.000,8,20,252.000,1480.540,30.000,240.000,161.630,14.550,
0.130,6.000,9,20,252.000,1774.270,30.000,240.000,144.720,15.580,
0.130,6.500,0,20,251.000,1732.260,32.500,240.000,136.330,15.610,
0.130,6.500,1,20,252.000,1919.030,32.500,240.000,180.220,16.770,
0.130,6.500,2,20,252.000,1760.080,32.500,240.000,141.600,18.700,
0.130,6.500,3,20,253.000,1931.230,32.500,240.000,152.730,16.660,
0.130,6.500,4,20,253.000,2035.200,32.500,240.000,171.020,16.900,
0.130,6.500,5,20,252.000,1835.090,32.500,240.000,177.650,16.270,
0.130,6.500,6,20,252.000,1941.750,32.500,240.000,176.720,18.890,
0.130,6.500,7,20,252.000,1654.850,32.500,240.000,137.220,15.900,
0.130,6.500,8,20,252.000,1480.540,32.500,240.000,166.860,15.460,
0.130,6.500,9,20,252.000,1774.270,32.500,240.000,147.460,16.460,
0.130,7.000,0,20,251.000,1732.260,35.000,240.000,138.490,16.300,
0.130,7.000,1,20,252.000,1919.030,35.200,240.000,182.570,16.960,
0.130,7.000,2,20,252.000,1760.080,35.000,240.000,142.320,18.640,
0.130,7.000,3,20,253.000,1931.230,35.000,240.000,164.170,16.980,
0.130,7.000,4,20,253.000,2035.200,35.000,240.000,178.320,17.030,
0.130,7.000,5,20,252.000,1835.090,35.000,240.000,178.960,16.370,
0.130,7.000,6,20,252.000,1941.750,35.000,240.000,178.460,18.420,
0.130,7.000,7,20,252.000,1654.850,35.000,240.000,154.810,15.950,
0.130,7.000,8,20,252.000,1480.540,35.000,240.000,167.910,15.460,
0.130,7.000,9,20,252.000,1774.270,35.000,240.000,163.620,16.370,
0.140,3.000,0,20,215.000,1732.260,15.000,203.500,82.330,15.820,
0.140,3.000,1,20,251.000,1919.030,15.000,240.000,120.360,11.390,
0.140,3.000,2,20,252.000,1760.080,15.000,240.000,121.470,13.070,
0.140,3.000,3,20,236.000,1931.230,15.000,225.500,113.560,11.440,
0.140,3.000,4,20,250.000,2035.200,15.000,240.000,125.280,11.330,
0.140,3.000,5,20,252.000,1835.090,17.300,240.000,143.030,10.710,
0.140,3.000,6,20,251.000,1941.750,15.000,240.000,127.330,12.330,
0.140,3.000,7,20,250.000,1654.850,20.600,240.000,118.980,10.480,
0.140,3.000,8,20,250.000,1480.540,15.000,240.000,122.480,10.030,
0.140,3.000,9,20,249.000,1774.270,15.000,240.000,112.830,10.440,
0.140,3.500,0,20,229.000,1732.260,17.500,220.000,109.870,10.610,
0.140,3.500,1,20,252.000,1919.030,18.800,240.000,153.080,11.680,
0.140,3.500,2,20,252.000,1760.080,17.500,240.000,132.720,12.850,
0.140,3.500,3,20,250.000,1931.230,17.500,240.000,128.880,11.440,
0.140,3.500,4,20,253.000,2035.200,17.500,240.000,156.510,11.840,
0.140,3.500,5,20,252.000,1835.090,17.500,240.000,150.820,11.130,
0.140,3.500,6,20,252.000,1941.750,17.500,240.000,143.720,12.880,
0.140,3.500,7,20,250.000,1654.850,17.500,240.000,124.230,10.780,
0.140,3.500,8,20,250.000,1480.540,17.500,240.000,136.290,10.190,
0.140,3.500,9,20,252.000,1774.270,17.500,240.000,119.680,11.150,
0.140,4.000,0,20,246.000,1732.260,20.000,236.300,124.630,11.110,
0.140,4.000,1,20,252.000,1919.030,20.000,240.000,150.770,11.800,
0.140,4.000,2,20,252.000,1760.080,21.300,240.000,148.500,13.450,
0.140,4.000,3,20,252.000,1931.230,20.000,240.000,141.560,11.690,
0.140,4.000,4,20,253.000,2035.200,20.000,240.000,167.070,11.580,
0.140,4.000,5,20,252.000,1835.090,20.000,240.000,156.970,11.540,
0.140,4.000,6,20,252.000,1941.750,20.000,240.000,164.460,12.860,
0.140,4.000,7,20,253.000,1654.850,20.000,240.000,133.550,10.960,
0.140,4.000,8,20,250.000,1480.540,20.000,240.000,153.400,10.810,
0.140,4.000,9,20,252.000,1774.270,20.000,240.000,129.790,11.380,
0.140,4.500,0,20,251.000,1732.260,22.500,240.000,138.270,11.640,
0.140,4.500,1,20,252.000,1919.030,22.500,240.000,166.440,11.810,
0.140,4.500,2,20,252.000,1760.080,22.500,240.000,143.280,12.840,
0.140,4.500,3,20,253.000,1931.230,22.500,240.000,157.410,12.220,
0.140,4.500,4,20,253.000,2035.200,22.500,240.000,175.900,11.820,
0.140,4.500,5,20,252.000,1835.090,22.500,240.000,162.480,11.370,
0.140,4.500,6,20,252.000,1941.750,22.500,240.000,165.410,13.010,
0.140,4.500,7,20,253.000,1654.850,22.500,240.000,147.470,11.360,
0.140,4.500,8,20,252.000,1480.540,22.500,240.000,167.940,11.020,
0.140,4.500,9,20,252.000,1774.270,22.500,240.000,137.720,11.400,
0.140,5.000,0,20,251.000,1732.260,25.000,240.000,145.970,11.420,
0.140,5.000,1,20,252.000,1919.030,25.000,240.000,179.010,12.890,
0.140,5.000,2,20,252.000,1760.080,29.800,240.000,144.320,15.130,
0.140,5.000,3,20,253.000,1931.230,25.000,240.000,172.530,12.330,
0.140,5.000,4,20,253.000,2035.200,25.000,240.000,169.000,13.030,
0.140,5.000,5,20,252.000,1835.090,25.000,240.000,168.850,12.340,
0.140,5.000,6,20,252.000,1941.750,25.000,240.000,177.700,14.720,
0.140,5.000,7,20,253.000,1654.850,25.000,240.000,161.720,12.210,
0.140,5.000,8,20,252.000,1480.540,25.000,240.000,185.480,11.820,
0.140,5.000,9,20,252.000,1774.270,25.000,240.000,151.440,13.140,
0.140,5.500,0,20,251.000,1732.260,27.500,240.000,148.340,12.480,
0.140,5.500,1,20,252.000,1919.030,27.500,240.000,183.130,16.390,
0.140,5.500,2,20,252.000,1760.080,29.400,240.000,144.810,17.860,
0.140,5.500,3,20,253.000,1931.230,27.500,240.000,174.810,15.980,
0.140,5.500,4,20,253.000,2035.200,27.500,240.000,172.500,16.190,
0.140,5.500,5,20,252.000,1835.090,27.500,240.000,183.700,15.680,
0.140,5.500,6,20,252.000,1941.750,27.500,240.000,180.600,17.740,
0.140,5.500,7,20,253.000,1654.850,27.500,240.000,165.760,14.970,
0.140,5.500,8,20,252.000,1480.540,27.500,240.000,186.540,14.580,
0.140,5.500,9,20,252.000,1774.270,27.500,240.000,155.660,15.450,
0.140,6.000,0,20,251.000,1732.260,30.000,240.000,153.380,14.830,
0.140,6.000,1,20,252.000,1919.030,30.000,240.000,186.220,17.120,
0.140,6.000,2,20,252.000,1760.080,30.000,240.000,145.430,18.610,
0.140,6.000,3,20,253.000,1931.230,30.000,240.000,165.760,16.840,
0.140,6.000,4,20,253.000,2035.200,30.000,240.000,173.030,17.010,
0.140,6.000,5,20,252.000,1835.090,30.300,240.000,190.240,16.650,
0.140,6.000,6,20,252.000,1941.750,30.000,240.000,186.850,18.470,
0.140,6.000,7,20,253.000,1654.850,30.000,240.000,166.830,16.140,
0.140,6.000,8,20,252.000,1480.540,30.000,240.000,188.110,15.770,
0.140,6.000,9,20,252.000,1774.270,30.000,240.000,161.360,16.370,
0.140,6.500,0,20,252.000,1732.260,32.500,240.000,156.620,16.210,
0.140,6.500,1,20,252.000,1919.030,32.700,240.000,191.260,15.650,
0.140,6.500,2,20,252.000,1760.080,32.500,240.000,146.760,17.700,
0.140,6.500,3,20,253.000,1931.230,32.500,240.000,178.260,15.340,
0.140,6.500,4,20,253.000,2035.200,32.500,240.000,174.040,15.440,
0.140,6.500,5,20,252.000,1835.090,32.800,240.000,191.870,14.940,
0.140,6.500,6,20,252.000,1941.750,32.500,240.000,198.690,17.460,
0.140,6.500,7,20,253.000,1654.850,32.500,240.000,168.220,14.510,
0.140,6.500,8,20,252.000,1480.540,32.500,240.000,188.320,14.570,
0.140,6.500,9,20,252.000,1774.270,32.500,240.000,178.800,15.340,
0.140,7.000,0,20,252.000,1732.260,35.000,240.000,159.370,15.200,
0.140,7.000,1,20,252.000,1919.030,35.200,240.000,192.370,15.640,
0.140,7.000,2,20,252.000,1760.080,38.000,240.000,147.070,17.460,
0.140,7.000,3,20,253.000,1931.230,35.000,240.000,181.470,15.540,
0.140,7.000,4,20,253.000,2035.200,35.000,240.000,181.800,15.510,
0.140,7.000,5,20,252.000,1835.090,35.000,240.000,192.970,15.330,
0.140,7.000,6,20,252.000,1941.750,35.000,240.000,199.110,17.060,
0.140,7.000,7,20,253.000,1654.850,35.000,240.000,169.130,14.850,
0.140,7.000,8,20,252.000,1480.540,35.000,240.000,189.250,14.470,
0.140,7.000,9,20,252.000,1774.270,35.000,240.000,186.380,15.340,
0.150,3.000,0,20,227.000,1732.260,15.600,215.800,101.480,14.560,
0.150,3.000,1,20,252.000,1919.030,15.000,240.000,139.460,14.990,
0.150,3.000,2,20,252.000,1760.080,15.000,240.000,147.870,17.110,
0.150,3.000,3,20,253.000,1931.230,15.000,240.000,150.890,14.890,
0.150,3.000,4,20,253.000,2035.200,15.000,240.000,159.180,15.520,
0.150,3.000,5,20,252.000,1835.090,18.900,240.000,153.700,14.520,
0.150,3.000,6,20,252.000,1941.750,21.900,240.000,145.280,16.820,
0.150,3.000,7,20,250.000,1654.850,22.000,240.000,129.500,14.020,
0.150,3.000,8,20,250.000,1480.540,15.000,240.000,144.990,13.500,
0.150,3.000,9,20,252.000,1774.270,15.000,240.000,126.520,14.760,
0.150,3.500,0,20,248.000,1732.260,17.500,237.200,129.740,14.590,
0.150,3.500,1,20,252.000,1919.030,18.900,240.000,170.340,15.360,
0.150,3.500,2,20,252.000,1760.080,17.500,240.000,147.390,17.170,
0.150,3.500,3,20,253.000,1931.230,17.500,240.000,173.570,15.140,
0.150,3.500,4,20,253.000,2035.200,17.500,240.000,175.100,15.730,
0.150,3.500,5,20,252.000,1835.090,17.900,240.000,164.880,14.570,
0.150,3.500,6,20,252.000,1941.750,17.500,240.000,164.840,16.870,
0.150,3.500,7,20,253.000,1654.850,21.200,240.000,142.810,14.190,
0.150,3.500,8,20,250.000,1480.540,17.500,240.000,160.770,14.150,
0.150,3.500,9,20,252.000,1774.270,17.500,240.000,135.940,14.980,
0.150,4.000,0,20,251.000,1732.260,20.000,240.000,147.270,14.970,
0.150,4.000,1,20,252.000,1919.030,20.000,240.000,159.010,15.380,
0.150,4.000,2,20,252.000,1760.080,26.500,240.000,169.420,17.250,
0.150,4.000,3,20,253.000,1931.230,20.000,240.000,181.300,15.430,
0.150,4.000,4,20,253.000,2035.200,20.000,240.000,178.920,15.600,
0.150,4.000,5,20,252.000,1835.090,20.000,240.000,168.620,14.930,
0.150,4.000,6,20,252.000,1941.750,20.000,240.000,185.960,17.110,
0.150,4.000,7,20,253.000,1654.850,23.500,240.000,168.280,13.990,
0.150,4.000,8,20,252.000,1480.540,20.000,240.000,177.590,13.410,
0.150,4.000,9,20,252.000,1774.270,20.000,240.000,156.530,15.260,
0.150,4.500,0,20,251.000,1732.260,22.500,240.000,153.830,15.360,
0.150,4.500,1,20,252.000,1919.030,22.900,240.000,184.980,15.910,
0.150,4.500,2,20,252.000,1760.080,22.500,240.000,164.950,18.070,
0.150,4.500,3,20,253.000,1931.230,22.500,240.000,185.980,16.130,
0.150,4.500,4,20,253.000,2035.200,22.500,240.000,185.440,16.500,
0.150,4.500,5,20,252.000,1835.090,22.500,240.000,178.470,15.530,
0.150,4.500,6,20,252.000,1941.750,22.500,240.000,192.330,17.850,
0.150,4.500,7,20,253.000,1654.850,22.500,240.000,175.860,15.050,
0.150,4.500,8,20,252.000,1480.540,22.500,240.000,193.720,14.720,
0.150,4.500,9,20,252.000,1774.270,22.500,240.000,161.940,15.660,
0.150,5.000,0,20,251.000,1732.260,25.000,240.000,156.940,15.430,
0.150,5.000,1,20,252.000,1919.030,25.000,240.000,187.010,17.010,
0.150,5.000,2,20,252.000,1760.080,30.000,240.000,175.880,19.020,
0.150,5.000,3,20,253.000,1931.230,27.400,240.000,188.290,17.000,
0.150,5.000,4,20,253.000,2035.200,25.000,240.000,189.120,17.170,
0.150,5.000,5,20,252.000,1835.090,25.000,240.000,180.000,16.170,
0.150,5.000,6,20,252.000,1941.750,25.000,240.000,197.000,18.440,
0.150,5.000,7,20,253.000,1654.850,25.000,240.000,186.540,15.770,
0.150,5.000,8,20,252.000,1480.540,25.000,240.000,196.880,15.230,
0.150,5.000,9,20,252.000,1774.270,25.000,240.000,172.160,16.320,
0.150,5.500,0,20,252.000,1732.260,27.500,240.000,160.390,16.410,
0.150,5.500,1,20,252.000,1919.030,27.500,240.000,191.580,15.980,
0.150,5.500,2,20,252.000,1760.080,34.800,240.000,177.670,18.020,
0.150,5.500,3,20,253.000,1931.230,27.800,240.000,192.350,16.100,
0.150,5.500,4,20,253.000,2035.200,27.500,240.000,191.250,15.970,
0.150,5.500,5,20,252.000,1835.090,27.500,240.000,193.030,15.650,
0.150,5.500,6,20,252.000,1941.750,27.500,240.000,189.120,17.610,
0.150,5.500,7,20,253.000,1654.850,27.500,240.000,187.080,15.160,
0.150,5.500,8,20,252.000,1480.540,27.500,240.000,200.840,14.690,
0.150,5.500,9,20,252.000,1774.270,27.500,240.000,175.620,15.490,
0.150,6.000,0,20,252.000,1732.260,30.000,240.000,163.030,15.680,
0.150,6.000,1,20,252.000,1919.030,30.000,240.000,192.660,16.720,
0.150,6.000,2,20,252.000,1760.080,37.300,240.000,169.350,18.280,
0.150,6.000,3,20,253.000,1931.230,30.000,240.000,184.450,16.520,
0.150,6.000,4,20,253.000,2035.200,30.000,240.000,192.430,17.000,
0.150,6.000,5,20,252.000,1835.090,31.400,240.000,194.480,16.060,
0.150,6.000,6,20,252.000,1941.750,30.000,240.000,190.190,18.180,
0.150,6.000,7,20,253.000,1654.850,30.000,240.000,178.480,15.460,
0.150,6.000,8,20,252.000,1480.540,30.000,240.000,202.690,15.250,
0.150,6.000,9,20,252.000,1774.270,30.000,240.000,177.060,15.930,
0.150,6.500,0,20,252.000,1732.260,32.500,240.000,163.740,16.060,
0.150,6.500,1,20,252.000,1919.030,32.700,240.000,203.730,16.230,
0.150,6.500,2,20,252.000,1760.080,37.800,240.000,161.340,17.730,
0.150,6.500,3,20,253.000,1931.230,32.500,240.000,186.850,15.750,
0.150,6.500,4,20,253.000,2035.200,32.500,240.000,189.280,15.800,
0.150,6.500,5,20,252.000,1835.090,32.900,240.000,204.270,15.550,
0.150,6.500,6,20,252.000,1941.750,32.500,240.000,201.080,17.310,
0.150,6.500,7,20,253.000,1654.850,32.500,240.000,185.370,14.830,
0.150,6.500,8,20,252.000,1480.540,32.500,240.000,210.130,14.770,
0.150,6.500,9,20,252.000,1774.270,32.500,240.000,185.270,15.580,
0.150,7.000,0,20,252.000,1732.260,35.000,240.000,165.410,15.110,
0.150,7.000,1,20,252.000,1919.030,35.300,240.000,207.450,14.490,
0.150,7.000,2,20,252.000,1760.080,40.200,240.000,161.730,15.570,
0.150,7.000,3,20,253.000,1931.230,35.000,240.000,189.320,14.530,
0.150,7.000,4,20,253.000,2035.200,35.000,240.000,196.980,14.640,
0.150,7.000,5,20,252.000,1835.090,35.400,240.000,204.820,14.140,
0.150,7.000,6,20,252.000,1941.750,35.000,240.000,201.280,15.300,
0.150,7.000,7,20,253.000,1654.850,35.000,240.000,186.720,13.520,
0.150,7.000,8,20,252.000,1480.540,35.000,240.000,211.770,13.210,
0.150,7.000,9,20,252.000,1774.270,35.000,240.000,194.500,13.800,
0.160,3.000,0,20,248.000,1732.260,15.600,236.400,126.200,13.470,
0.160,3.000,1,20,252.000,1919.030,16.300,240.000,172.550,10.570,
0.160,3.000,2,20,252.000,1760.080,15.000,240.000,157.880,11.870,
0.160,3.000,3,20,253.000,1931.230,15.000,240.000,169.260,10.460,
0.160,3.000,4,20,253.000,2035.200,15.000,240.000,181.050,10.350,
0.160,3.000,5,20,252.000,1835.090,20.100,240.000,166.580,9.950,
0.160,3.000,6,20,252.000,1941.750,22.200,240.000,169.480,11.300,
0.160,3.000,7,20,251.000,1654.850,27.000,240.000,165.730,9.870,
0.160,3.000,8,20,250.000,1480.540,15.000,240.000,165.920,9.340,
0.160,3.000,9,20,252.000,1774.270,15.000,240.000,162.700,10.160,
0.160,3.500,0,20,251.000,1732.260,17.500,240.000,160.210,10.320,
0.160,3.500,1,20,252.000,1919.030,19.200,240.000,178.710,11.170,
0.160,3.500,2,20,252.000,1760.080,17.500,240.000,165.710,12.010,
0.160,3.500,3,20,253.000,1931.230,17.500,240.000,182.650,10.770,
0.160,3.500,4,20,253.000,2035.200,17.500,240.000,190.120,10.580,
0.160,3.500,5,20,252.000,1835.090,19.400,240.000,172.010,10.000,
0.160,3.500,6,20,252.000,1941.750,17.800,240.000,189.050,11.910,
0.160,3.500,7,20,253.000,1654.850,26.200,240.000,190.600,10.290,
0.160,3.500,8,20,252.000,1480.540,17.500,240.000,181.550,9.660,
0.160,3.500,9,20,252.000,1774.270,17.500,240.000,168.900,10.440,
0.160,4.000,0,20,251.000,1732.260,20.000,240.000,165.990,10.330,
0.160,4.000,1,20,252.000,1919.030,21.400,240.000,188.090,11.410,
0.160,4.000,2,20,252.000,1760.080,28.200,240.000,186.310,12.580,
0.160,4.000,3,20,253.000,1931.230,20.000,240.000,188.850,11.020,
0.160,4.000,4,20,253.000,2035.200,20.000,240.000,195.460,11.350,
0.160,4.000,5,20,252.000,1835.090,20.000,240.000,181.800,10.520,
0.160,4.000,6,20,252.000,1941.750,20.000,240.000,195.180,12.030,
0.160,4.000,7,20,253.000,1654.850,23.600,240.000,188.470,10.890,
0.160,4.000,8,20,252.000,1480.540,20.800,240.000,185.260,9.870,
0.160,4.000,9,20,252.000,1774.270,20.000,240.000,175.660,10.430,
0.160,4.500,0,20,251.000,1732.260,22.500,240.000,169.770,10.500,
0.160,4.500,1,20,252.000,1919.030,23.900,240.000,209.000,14.610,
0.160,4.500,2,20,252.000,1760.080,32.200,240.000,192.950,16.060,
0.160,4.500,3,20,253.000,1931.230,22.500,240.000,195.250,14.270,
0.160,4.500,4,20,253.000,2035.200,22.600,240.000,197.360,14.410,
0.160,4.500,5,20,252.000,1835.090,22.500,240.000,182.600,14.040,
0.160,4.500,6,20,252.000,1941.750,22.500,240.000,198.680,16.250,
0.160,4.500,7,20,253.000,1654.850,22.500,240.000,189.410,13.570,
0.160,4.500,8,20,252.000,1480.540,22.500,240.000,200.680,13.130,
0.160,4.500,9,20,252.000,1774.270,22.500,240.000,195.150,14.490,
0.160,5.000,0,20,252.000,1732.260,25.000,240.000,173.550,14.220,
0.160,5.000,1,20,252.000,1919.030,25.400,240.000,200.970,15.210,
0.160,5.000,2,20,252.000,1760.080,32.800,240.000,191.170,17.200,
0.160,5.000,3,20,253.000,1931.230,29.300,240.000,198.610,15.330,
0.160,5.000,4,20,253.000,2035.200,25.000,240.000,198.470,14.810,
0.160,5.000,5,20,252.000,1835.090,35.000,240.000,204.860,14.980,
0.160,5.000,6,20,252.000,1941.750,25.000,240.000,199.200,16.880,
0.160,5.000,7,20,253.000,1654.850,25.000,240.000,199.800,14.530,
0.160,5.000,8,20,252.000,1480.540,25.000,240.000,208.810,14.160,
0.160,5.000,9,20,252.000,1774.270,25.000,240.000,188.260,15.340,
0.160,5.500,0,20,252.000,1732.260,27.500,240.000,164.120,14.700,
0.160,5.500,1,20,252.000,1919.030,27.900,240.000,205.190,16.280,
0.160,5.500,2,20,252.000,1760.080,35.100,240.000,191.350,17.930,
0.160,5.500,3,20,253.000,1931.230,29.600,240.000,203.000,16.050,
0.160,5.500,4,20,253.000,2035.200,27.500,240.000,194.380,16.200,
0.160,5.500,5,20,252.000,1835.090,34.200,240.000,206.110,15.710,
0.160,5.500,6,20,252.000,1941.750,27.500,240.000,199.420,17.930,
0.160,5.500,7,20,253.000,1654.850,27.500,240.000,201.990,15.430,
0.160,5.500,8,20,252.000,1480.540,27.500,240.000,210.420,14.830,
0.160,5.500,9,20,252.000,1774.270,27.500,240.000,191.940,15.830,
0.160,6.000,0,20,253.000,1732.260,30.000,240.000,167.530,15.650,
0.160,6.000,1,20,253.000,1919.030,30.400,240.000,216.190,15.960,
0.160,6.000,2,20,252.000,1760.080,37.500,240.000,191.620,17.800,
0.160,6.000,3,20,253.000,1931.230,30.000,240.000,203.190,16.090,
0.160,6.000,4,20,253.000,2035.200,30.000,240.000,201.720,15.830,
0.160,6.000,5,20,252.000,1835.090,33.600,240.000,205.660,15.300,
0.160,6.000,6,20,252.000,1941.750,30.000,240.000,199.710,17.240,
0.160,6.000,7,20,253.000,1654.850,30.000,240.000,209.120,14.650,
0.160,6.000,8,20,252.000,1480.540,30.000,240.000,212.310,14.330,
0.160,6.000,9,20,252.000,1774.270,30.000,240.000,199.300,15.140,
0.160,6.500,0,20,253.000,1732.260,32.500,240.000,168.030,15.170,
0.160,6.500,1,20,253.000,1919.030,32.800,240.000,216.940,16.030,
0.160,6.500,2,20,252.000,1760.080,39.900,240.000,191.780,18.200,
0.160,6.500,3,20,253.000,1931.230,37.300,240.000,204.840,15.870,
0.160,6.500,4,20,253.000,2035.200,35.900,240.000,213.420,16.370,
0.160,6.500,5,20,252.000,1835.090,33.000,240.000,205.590,15.930,
0.160,6.500,6,20,252.000,1941.750,32.500,240.000,210.380,17.750,
0.160,6.500,7,20,253.000,1654.850,32.500,240.000,209.320,15.400,
0.160,6.500,8,20,252.000,1480.540,32.500,240.000,213.260,14.900,
0.160,6.500,9,20,252.000,1774.270,32.500,240.000,212.380,15.850,
0.160,7.000,0,20,253.000,1732.260,35.000,240.000,168.640,15.680,
0.160,7.000,1,20,253.000,1919.030,35.300,240.000,217.250,16.270,
0.160,7.000,2,20,252.000,1760.080,48.300,240.000,191.970,18.220,
0.160,7.000,3,20,253.000,1931.230,36.500,240.000,204.940,16.110,
0.160,7.000,4,20,253.000,2035.200,38.700,240.000,217.440,16.460,
0.160,7.000,5,20,252.000,1835.090,35.400,240.000,205.670,15.540,
0.160,7.000,6,20,252.000,1941.750,35.000,240.000,201.690,17.700,
0.160,7.000,7,20,253.000,1654.850,35.000,240.000,209.560,15.310,
0.160,7.000,8,20,252.000,1480.540,35.000,240.000,214.490,14.610,
0.160,7.000,9,20,252.000,1774.270,44.800,240.000,222.870,15.670,
0.170,3.000,0,20,251.000,1732.260,15.700,240.000,148.960,15.350,
0.170,3.000,1,20,252.000,1919.030,16.300,240.000,184.580,16.120,
0.170,3.000,2,20,252.000,1760.080,15.000,240.000,171.230,18.130,
0.170,3.000,3,20,253.000,1931.230,15.000,240.000,187.680,15.970,
0.170,3.000,4,20,253.000,2035.200,15.000,240.000,190.720,16.220,
0.170,3.000,5,20,252.000,1835.090,53.500,240.000,199.000,15.500,
0.170,3.000,6,20,252.000,1941.750,24.400,240.000,194.590,17.790,
0.170,3.000,7,20,253.000,1654.850,28.400,240.000,200.010,15.170,
0.170,3.000,8,20,251.000,1480.540,15.000,240.000,181.030,14.640,
0.170,3.000,9,20,252.000,1774.270,15.000,240.000,176.690,15.590,
0.170,3.500,0,20,251.000,1732.260,17.500,240.000,167.330,15.740,
0.170,3.500,1,20,252.000,1919.030,19.300,240.000,193.420,17.750,
0.170,3.500,2,20,252.000,1760.080,17.500,240.000,185.950,20.050,
0.170,3.500,3,20,253.000,1931.230,17.500,240.000,202.250,17.780,
0.170,3.500,4,20,253.000,2035.200,17.500,240.000,196.440,17.930,
0.170,3.500,5,20,252.000,1835.090,50.000,240.000,209.670,17.330,
0.170,3.500,6,20,252.000,1941.750,26.500,240.000,201.090,19.930,
0.170,3.500,7,20,253.000,1654.850,27.500,240.000,211.660,17.010,
0.170,3.500,8,20,252.000,1480.540,17.500,240.000,188.380,16.310,
0.170,3.500,9,20,252.000,1774.270,17.500,240.000,186.520,17.250,
0.170,4.000,0,20,251.000,1732.260,20.000,240.000,173.930,17.360,
0.170,4.000,1,20,252.000,1919.030,21.400,240.000,202.120,18.600,
0.170,4.000,2,20,252.000,1760.080,34.100,240.000,208.270,20.870,
0.170,4.000,3,20,253.000,1931.230,20.000,240.000,210.520,18.570,
0.170,4.000,4,20,253.000,2035.200,20.100,240.000,207.840,18.720,
0.170,4.000,5,20,252.000,1835.090,20.000,240.000,203.460,18.070,
0.170,4.000,6,20,252.000,1941.750,20.000,240.000,199.240,20.340,
0.170,4.000,7,20,253.000,1654.850,26.800,240.000,206.410,17.560,
0.170,4.000,8,20,252.000,1480.540,20.800,240.000,197.500,17.010,
0.170,4.000,9,20,252.000,1774.270,20.000,240.000,189.650,17.950,
0.170,4.500,0,20,252.000,1732.260,22.500,240.000,176.760,18.010,
0.170,4.500,1,20,253.000,1919.030,25.400,240.000,216.210,17.020,
0.170,4.500,2,20,252.000,1760.080,34.400,240.000,209.100,18.540,
0.170,4.500,3,20,253.000,1931.230,22.500,240.000,202.720,16.840,
0.170,4.500,4,20,253.000,2035.200,22.600,240.000,211.880,16.940,
0.170,4.500,5,20,252.000,1835.090,46.900,240.000,207.070,16.350,
0.170,4.500,6,20,252.000,1941.750,22.500,240.000,199.520,17.920,
0.170,4.500,7,20,253.000,1654.850,26.000,240.000,206.060,15.650,
0.170,4.500,8,20,252.000,1480.540,25.400,240.000,210.310,15.160,
0.170,4.500,9,20,252.000,1774.270,22.500,240.000,208.780,15.990,
0.170,5.000,0,20,253.000,1732.260,25.000,240.000,180.220,15.650,
0.170,5.000,1,20,253.000,1919.030,25.500,240.000,217.820,12.010,
0.170,5.000,2,20,252.000,1760.080,34.800,240.000,210.040,13.700,
0.170,5.000,3,20,253.000,1931.230,45.900,240.000,206.870,12.390,
0.170,5.000,4,20,253.000,2035.200,25.000,240.000,213.260,12.600,
0.170,5.000,5,20,252.000,1835.090,45.400,240.000,207.560,12.040,
0.170,5.000,6,20,252.000,1941.750,25.000,240.000,199.550,13.640,
0.170,5.000,7,20,253.000,1654.850,25.300,240.000,209.260,11.550,
0.170,5.000,8,20,252.000,1480.540,25.000,240.000,212.270,11.220,
0.170,5.000,9,20,252.000,1774.270,25.000,240.000,220.920,11.840,
0.170,5.500,0,20,253.000,1732.260,27.500,240.000,180.550,11.690,
0.170,5.500,1,20,253.000,1919.030,27.900,240.000,228.360,12.440,
0.170,5.500,2,20,252.000,1760.080,36.200,240.000,210.350,13.770,
0.170,5.500,3,20,253.000,1931.230,45.800,240.000,207.120,12.520,
0.170,5.500,4,20,253.000,2035.200,27.500,240.000,203.600,12.350,
0.170,5.500,5,20,252.000,1835.090,44.200,240.000,207.400,11.960,
0.170,5.500,6,20,252.000,1941.750,27.500,240.000,199.770,13.590,
0.170,5.500,7,20,253.000,1654.850,27.500,240.000,209.270,11.690,
0.170,5.500,8,20,252.000,1480.540,27.500,240.000,213.200,10.970,
0.170,5.500,9,20,252.000,1774.270,27.600,240.000,221.940,12.230,
0.170,6.000,0,20,253.000,1732.260,30.000,240.000,181.060,11.610,
0.170,6.000,1,20,253.000,1919.030,30.400,240.000,218.510,15.240,
0.170,6.000,2,20,252.000,1760.080,37.800,240.000,210.530,16.960,
0.170,6.000,3,20,253.000,1931.230,45.500,240.000,208.020,15.120,
0.170,6.000,4,20,253.000,2035.200,30.000,240.000,209.150,15.340,
0.170,6.000,5,20,252.000,1835.090,43.300,240.000,207.510,14.910,
0.170,6.000,6,20,252.000,1941.750,30.000,240.000,210.410,16.330,
0.170,6.000,7,20,253.000,1654.850,30.000,240.000,209.300,14.650,
0.170,6.000,8,20,252.000,1480.540,30.000,240.000,214.580,14.370,
0.170,6.000,9,20,252.000,1774.270,30.000,240.000,213.370,15.320,
0.170,6.500,0,20,253.000,1732.260,32.500,240.000,181.570,15.050,
0.170,6.500,1,20,253.000,1919.030,32.900,240.000,218.800,15.690,
0.170,6.500,2,20,252.000,1760.080,40.300,240.000,201.480,17.400,
0.170,6.500,3,20,253.000,1931.230,45.200,240.000,207.910,15.460,
0.170,6.500,4,20,253.000,2035.200,37.600,240.000,221.560,15.920,
0.170,6.500,5,20,252.000,1835.090,34.700,240.000,207.070,15.020,
0.170,6.500,6,20,252.000,1941.750,32.500,240.000,210.570,17.530,
0.170,6.500,7,20,253.000,1654.850,32.500,240.000,209.440,14.750,
0.170,6.500,8,20,252.000,1480.540,32.500,240.000,216.440,14.450,
0.170,6.500,9,20,252.000,1774.270,32.500,240.000,224.590,15.590,
0.170,7.000,0,20,253.000,1732.260,35.000,240.000,179.830,14.770,
0.170,7.000,1,20,253.000,1919.030,35.300,240.000,219.030,15.740,
0.170,7.000,2,20,252.000,1760.080,50.700,240.000,194.130,17.840,
0.170,7.000,3,20,253.000,1931.230,44.800,240.000,207.810,15.870,
0.170,7.000,4,20,253.000,2035.200,38.900,240.000,221.840,16.020,
0.170,7.000,5,20,252.000,1835.090,35.500,240.000,207.080,15.360,
0.170,7.000,6,20,252.000,1941.750,35.000,240.000,210.830,17.190,
0.170,7.000,7,20,253.000,1654.850,35.000,240.000,209.660,14.890,
0.170,7.000,8,20,252.000,1480.540,35.000,240.000,217.630,14.400,
0.170,7.000,9,20,252.000,1774.270,189.500,240.000,235.680,15.480,
0.180,3.000,0,20,251.000,1732.260,15.700,240.000,160.250,15.270,
0.180,3.000,1,20,252.000,1919.030,16.400,240.000,193.760,11.100,
0.180,3.000,2,20,252.000,1760.080,16.000,240.000,178.850,12.180,
0.180,3.000,3,20,253.000,1931.230,15.000,240.000,204.380,10.770,
0.180,3.000,4,20,253.000,2035.200,15.000,240.000,197.600,10.730,
0.180,3.000,5,20,252.000,1835.090,87.000,240.000,212.150,10.550,
0.180,3.000,6,20,252.000,1941.750,26.600,240.000,210.610,11.920,
0.180,3.000,7,20,253.000,1654.850,30.800,240.000,211.510,9.760,
0.180,3.000,8,20,252.000,1480.540,15.000,240.000,188.580,9.180,
0.180,3.000,9,20,252.000,1774.270,15.000,240.000,186.940,9.810,
0.180,3.500,0,20,251.000,1732.260,18.300,240.000,178.100,10.260,
0.180,3.500,1,20,253.000,1919.030,19.500,240.000,203.990,11.210,
0.180,3.500,2,20,252.000,1760.080,17.500,240.000,198.140,12.420,
0.180,3.500,3,20,253.000,1931.230,17.500,240.000,210.790,11.310,
0.180,3.500,4,20,253.000,2035.200,17.500,240.000,203.840,11.160,
0.180,3.500,5,20,252.000,1835.090,89.800,240.000,217.630,10.920,
0.180,3.500,6,20,252.000,1941.750,26.800,240.000,214.380,11.890,
0.180,3.500,7,20,253.000,1654.850,29.600,240.000,219.390,10.680,
0.180,3.500,8,20,252.000,1480.540,17.500,240.000,198.400,9.980,
0.180,3.500,9,20,252.000,1774.270,17.500,240.000,199.800,10.960,
0.180,4.000,0,20,252.000,1732.260,20.900,240.000,182.620,10.610,
0.180,4.000,1,20,253.000,1919.030,21.500,240.000,207.020,11.690,
0.180,4.000,2,20,252.000,1760.080,35.800,240.000,210.640,13.340,
0.180,4.000,3,20,253.000,1931.230,20.000,240.000,212.620,11.840,
0.180,4.000,4,20,253.000,2035.200,20.100,240.000,212.810,11.830,
0.180,4.000,5,20,252.000,1835.090,90.500,240.000,220.160,11.500,
0.180,4.000,6,20,252.000,1941.750,30.200,240.000,215.190,13.510,
0.180,4.000,7,20,253.000,1654.850,28.000,240.000,223.970,11.150,
0.180,4.000,8,20,252.000,1480.540,20.800,240.000,200.550,10.300,
0.180,4.000,9,20,252.000,1774.270,28.100,240.000,221.070,11.220,
0.180,4.500,0,20,253.000,1732.260,22.500,240.000,184.060,11.370,
0.180,4.500,1,20,253.000,1919.030,31.700,240.000,228.690,11.880,
0.180,4.500,2,20,252.000,1760.080,36.200,240.000,211.310,13.450,
0.180,4.500,3,20,253.000,1931.230,47.900,240.000,224.540,12.070,
0.180,4.500,4,20,253.000,2035.200,22.700,240.000,215.220,12.240,
0.180,4.500,5,20,252.000,1835.090,49.900,240.000,218.110,11.360,
0.180,4.500,6,20,252.000,1941.750,22.500,240.000,213.990,12.930,
0.180,4.500,7,20,253.000,1654.850,27.300,240.000,228.050,11.720,
0.180,4.500,8,20,252.000,1480.540,27.200,240.000,213.280,11.080,
0.180,4.500,9,20,252.000,1774.270,22.500,240.000,212.320,11.400,
0.180,5.000,0,20,253.000,1732.260,25.000,240.000,184.650,11.410,
0.180,5.000,1,20,253.000,1919.030,31.700,240.000,229.120,11.930,
0.180,5.000,2,20,252.000,1760.080,36.400,240.000,211.540,13.570,
0.180,5.000,3,20,253.000,1931.230,48.000,240.000,225.660,11.930,
0.180,5.000,4,20,253.000,2035.200,28.300,240.000,217.590,12.380,
0.180,5.000,5,20,252.000,1835.090,48.100,240.000,218.860,11.850,
0.180,5.000,6,20,252.000,1941.750,25.000,240.000,214.220,12.910,
0.180,5.000,7,20,253.000,1654.850,26.600,240.000,228.270,11.550,
0.180,5.000,8,20,252.000,1480.540,27.300,240.000,215.810,10.750,
0.180,5.000,9,20,252.000,1774.270,28.100,240.000,224.390,11.800,
0.180,5.500,0,20,253.000,1732.260,27.500,240.000,185.090,11.550,
0.180,5.500,1,20,253.000,1919.030,31.500,240.000,229.280,12.470,
0.180,5.500,2,20,252.000,1760.080,40.900,240.000,212.300,13.550,
0.180,5.500,3,20,253.000,1931.230,47.900,240.000,225.640,12.240,
0.180,5.500,4,20,253.000,2035.200,27.600,240.000,221.450,12.090,
0.180,5.500,5,20,252.000,1835.090,46.900,240.000,213.560,11.750,
0.180,5.500,6,20,252.000,1941.750,27.500,240.000,203.860,13.290,
0.180,5.500,7,20,253.000,1654.850,27.500,240.000,218.470,11.580,
0.180,5.500,8,20,252.000,1480.540,27.500,240.000,216.960,11.090,
0.180,5.500,9,20,252.000,1774.270,27.600,240.000,225.140,12.110,
0.180,6.000,0,20,253.000,1732.260,30.000,240.000,185.090,11.770,
0.180,6.000,1,20,253.000,1919.030,31.000,240.000,229.430,12.770,
0.180,6.000,2,20,252.000,1760.080,47.300,240.000,212.810,13.980,
0.180,6.000,3,20,253.000,1931.230,47.700,240.000,216.190,12.410,
0.180,6.000,4,20,253.000,2035.200,40.600,240.000,222.530,12.350,
0.180,6.000,5,20,252.000,1835.090,45.800,240.000,213.380,12.160,
0.180,6.000,6,20,252.000,1941.750,30.000,240.000,214.690,13.570,
0.180,6.000,7,20,253.000,1654.850,30.000,240.000,209.510,11.230,
0.180,6.000,8,20,252.000,1480.540,30.000,240.000,217.340,11.310,
0.180,6.000,9,20,252.000,1774.270,30.100,240.000,225.940,11.920,
0.180,6.500,0,20,253.000,1732.260,32.500,240.000,185.560,11.900,
0.180,6.500,1,20,253.000,1919.030,32.900,240.000,229.620,11.600,
0.180,6.500,2,20,252.000,1760.080,48.200,240.000,213.910,13.330,
0.180,6.500,3,20,253.000,1931.230,47.300,240.000,216.110,11.650,
0.180,6.500,4,20,253.000,2035.200,40.600,240.000,222.600,12.010,
0.180,6.500,5,20,252.000,1835.090,44.600,240.000,213.070,11.470,
0.180,6.500,6,20,253.000,1941.750,32.500,240.000,219.340,12.830,
0.180,6.500,7,20,253.000,1654.850,32.500,240.000,209.560,11.550,
0.180,6.500,8,20,252.000,1480.540,32.500,240.000,217.810,11.370,
0.180,6.500,9,20,252.000,1774.270,32.500,240.000,226.230,11.660,
0.180,7.000,0,20,253.000,1732.260,35.000,240.000,186.150,11.630,
0.180,7.000,1,20,253.000,1919.030,35.500,240.000,229.780,12.330,
0.180,7.000,2,20,252.000,1760.080,51.000,240.000,214.220,14.330,
0.180,7.000,3,20,253.000,1931.230,46.900,240.000,216.030,11.820,
0.180,7.000,4,20,253.000,2035.200,40.700,240.000,222.660,12.780,
0.180,7.000,5,20,252.000,1835.090,43.800,240.000,212.930,12.100,
0.180,7.000,6,20,253.000,1941.750,35.000,240.000,219.500,13.560,
0.180,7.000,7,20,253.000,1654.850,35.000,240.000,209.760,11.800,
0.180,7.000,8,20,253.000,1480.540,35.000,240.000,228.820,11.690,
0.180,7.000,9,20,252.000,1774.270,197.900,240.000,237.330,11.910,
0.190,3.000,0,20,251.000,1732.260,15.800,240.000,181.820,12.020,
0.190,3.000,1,20,253.000,1919.030,16.400,240.000,203.630,12.400,
0.190,3.000,2,20,252.000,1760.080,18.200,240.000,209.380,13.710,
0.190,3.000,3,20,253.000,1931.230,15.000,240.000,210.690,12.130,
0.190,3.000,4,20,253.000,2035.200,15.200,240.000,204.110,11.830,
0.190,3.000,5,20,252.000,1835.090,100.000,240.000,217.480,11.690,
0.190,3.000,6,20,252.000,1941.750,75.800,240.000,225.990,13.510,
0.190,3.000,7,20,253.000,1654.850,155.700,240.000,229.910,11.230,
0.190,3.000,8,20,253.000,1480.540,15.700,240.000,209.560,10.820,
0.190,3.000,9,20,252.000,1774.270,15.000,240.000,209.850,11.450,
0.190,3.500,0,20,252.000,1732.260,18.300,240.000,187.180,11.220,
0.190,3.500,1,20,253.000,1919.030,19.500,240.000,208.380,12.120,
0.190,3.500,2,20,252.000,1760.080,17.500,240.000,201.900,13.620,
0.190,3.500,3,20,253.000,1931.230,17.500,240.000,212.900,11.960,
0.190,3.500,4,20,253.000,2035.200,17.500,240.000,215.510,12.530,
0.190,3.500,5,20,252.000,1835.090,101.100,240.000,221.690,11.570,
0.190,3.500,6,20,252.000,1941.750,28.000,240.000,215.970,13.410,
0.190,3.500,7,20,253.000,1654.850,165.300,240.000,234.710,11.390,
0.190,3.500,8,20,252.000,1480.540,17.500,240.000,201.070,10.410,
0.190,3.500,9,20,252.000,1774.270,17.500,240.000,222.790,11.780,
0.190,4.000,0,20,253.000,1732.260,21.000,240.000,189.270,11.940,
0.190,4.000,1,20,253.000,1919.030,21.700,240.000,218.440,12.220,
0.190,4.000,2,20,252.000,1760.080,50.700,240.000,213.820,13.160,
0.190,4.000,3,20,253.000,1931.230,20.000,240.000,214.070,11.580,
0.190,4.000,4,20,253.000,2035.200,22.200,240.000,216.930,12.160,
0.190,4.000,5,20,252.000,1835.090,101.800,240.000,226.730,11.520,
0.190,4.000,6,20,252.000,1941.750,60.900,240.000,226.220,13.170,
0.190,4.000,7,20,253.000,1654.850,30.300,240.000,228.310,11.440,
0.190,4.000,8,20,252.000,1480.540,30.000,240.000,214.130,11.190,
0.190,4.000,9,20,252.000,1774.270,29.900,240.000,224.830,11.850,
0.190,4.500,0,20,253.000,1732.260,23.000,240.000,189.440,12.300,
0.190,4.500,1,20,253.000,1919.030,34.500,240.000,229.630,11.900,
0.190,4.500,2,20,252.000,1760.080,50.200,240.000,219.240,13.810,
0.190,4.500,3,20,253.000,1931.230,50.000,240.000,226.120,11.800,
0.190,4.500,4,20,253.000,2035.200,23.800,240.000,218.180,12.080,
0.190,4.500,5,20,252.000,1835.090,102.100,240.000,226.840,11.260,
0.190,4.500,6,20,252.000,1941.750,59.500,240.000,226.350,13.610,
0.190,4.500,7,20,253.000,1654.850,28.600,240.000,228.520,11.700,
0.190,4.500,8,20,252.000,1480.540,29.100,240.000,217.300,10.940,
0.190,4.500,9,20,252.000,1774.270,22.500,240.000,215.260,12.100,
0.190,5.000,0,20,253.000,1732.260,25.000,240.000,190.080,11.930,
0.190,5.000,1,20,253.000,1919.030,34.300,240.000,229.720,12.200,
0.190,5.000,2,20,252.000,1760.080,49.900,240.000,219.450,13.750,
0.190,5.000,3,20,253.000,1931.230,50.100,240.000,226.130,12.120,
0.190,5.000,4,20,253.000,2035.200,42.300,240.000,222.780,11.890,
0.190,5.000,5,20,252.000,1835.090,102.200,240.000,227.470,11.740,
0.190,5.000,6,20,253.000,1941.750,25.000,240.000,220.120,13.310,
0.190,5.000,7,20,253.000,1654.850,27.800,240.000,229.040,11.270,
0.190,5.000,8,20,252.000,1480.540,28.600,240.000,217.690,10.910,
0.190,5.000,9,20,252.000,1774.270,28.500,240.000,227.160,11.810,
0.190,5.500,0,20,253.000,1732.260,27.500,240.000,191.410,11.820,
0.190,5.500,1,20,253.000,1919.030,33.800,240.000,229.690,12.330,
0.190,5.500,2,20,252.000,1760.080,49.600,240.000,220.440,13.970,
0.190,5.500,3,20,253.000,1931.230,49.900,240.000,226.120,12.670,
0.190,5.500,4,20,253.000,2035.200,29.800,240.000,222.190,11.920,
0.190,5.500,5,20,252.000,1835.090,49.700,240.000,223.590,11.910,
0.190,5.500,6,20,253.000,1941.750,27.500,240.000,219.210,13.560,
0.190,5.500,7,20,253.000,1654.850,27.500,240.000,229.380,11.570,
0.190,5.500,8,20,252.000,1480.540,28.100,240.000,218.060,10.950,
0.190,5.500,9,20,252.000,1774.270,30.700,240.000,227.530,11.800,
0.190,6.000,0,20,253.000,1732.260,30.000,240.000,191.540,11.840,
0.190,6.000,1,20,253.000,1919.030,33.600,240.000,229.680,12.050,
0.190,6.000,2,20,252.000,1760.080,49.500,240.000,220.540,13.590,
0.190,6.000,3,20,253.000,1931.230,49.600,240.000,226.070,11.740,
0.190,6.000,4,20,253.000,2035.200,42.300,240.000,222.860,12.090,
0.190,6.000,5,20,252.000,1835.090,48.100,240.000,223.490,12.100,
0.190,6.000,6,20,253.000,1941.750,30.000,240.000,219.360,12.880,
0.190,6.000,7,20,253.000,1654.850,30.000,240.000,229.500,11.200,
0.190,6.000,8,20,252.000,1480.540,30.100,240.000,218.310,10.980,
0.190,6.000,9,20,252.000,1774.270,30.100,240.000,227.690,11.990,
0.190,6.500,0,20,253.000,1732.260,32.500,240.000,192.020,11.420,
0.190,6.500,1,20,253.000,1919.030,33.400,240.000,229.670,12.710,
0.190,6.500,2,20,252.000,1760.080,49.600,240.000,220.620,13.660,
0.190,6.500,3,20,253.000,1931.230,49.200,240.000,226.020,12.190,
0.190,6.500,4,20,253.000,2035.200,42.400,240.000,222.900,12.730,
0.190,6.500,5,20,252.000,1835.090,47.000,240.000,223.410,11.900,
0.190,6.500,6,20,253.000,1941.750,35.100,240.000,229.760,13.160,
0.190,6.500,7,20,253.000,1654.850,32.500,240.000,219.520,11.670,
0.190,6.500,8,20,252.000,1480.540,32.500,240.000,218.670,11.360,
0.190,6.500,9,20,252.000,1774.270,206.600,240.000,238.330,12.210,
0.190,7.000,0,20,253.000,1732.260,35.000,240.000,192.530,11.370,
0.190,7.000,1,20,253.000,1919.030,35.500,240.000,229.780,12.270,
0.190,7.000,2,20,252.000,1760.080,53.700,240.000,220.910,13.120,
0.190,7.000,3,20,253.000,1931.230,49.200,240.000,225.980,12.470,
0.190,7.000,4,20,253.000,2035.200,42.500,240.000,222.970,12.360,
0.190,7.000,5,20,252.000,1835.090,46.100,240.000,213.620,11.910,
0.190,7.000,6,20,253.000,1941.750,35.000,240.000,219.520,13.050,
0.190,7.000,7,20,253.000,1654.850,35.000,240.000,209.870,11.850,
0.190,7.000,8,20,253.000,1480.540,35.000,240.000,229.310,10.990,
0.190,7.000,9,20,252.000,1774.270,208.100,240.000,238.410,12.170,
0.200,3.000,0,20,252.000,1732.260,15.900,240.000,188.190,11.760,
0.200,3.000,1,20,253.000,1919.030,16.500,240.000,217.780,11.880,
0.200,3.000,2,20,252.000,1760.080,18.200,240.000,211.950,13.930,
0.200,3.000,3,20,253.000,1931.230,15.000,240.000,212.860,11.810,
0.200,3.000,4,20,253.000,2035.200,15.200,240.000,209.370,12.050,
0.200,3.000,5,20,252.000,1835.090,113.700,240.000,232.670,11.850,
0.200,3.000,6,20,252.000,1941.750,125.200,240.000,229.320,13.240,
0.200,3.000,7,20,253.000,1654.850,164.400,240.000,234.670,11.580,
0.200,3.000,8,20,253.000,1480.540,17.000,240.000,211.810,10.670,
0.200,3.000,9,20,252.000,1774.270,15.000,240.000,222.790,11.580,
0.200,3.500,0,20,253.000,1732.260,18.400,240.000,189.630,11.730,
0.200,3.500,1,20,253.000,1919.030,19.600,240.000,218.690,11.960,
0.200,3.500,2,20,252.000,1760.080,53.800,240.000,219.390,13.740,
0.200,3.500,3,20,253.000,1931.230,17.500,240.000,214.240,12.080,
0.200,3.500,4,20,253.000,2035.200,17.500,240.000,217.320,11.990,
0.200,3.500,5,20,252.000,1835.090,126.700,240.000,234.330,11.830,
0.200,3.500,6,20,252.000,1941.750,130.000,240.000,229.800,13.170,
0.200,3.500,7,20,253.000,1654.850,216.800,240.000,238.840,12.110,
0.200,3.500,8,20,253.000,1480.540,17.500,240.000,216.380,11.350,
0.200,3.500,9,20,252.000,1774.270,17.500,240.000,224.940,11.780,
0.200,4.000,0,20,253.000,1732.260,21.000,240.000,190.120,11.460,
0.200,4.000,1,20,253.000,1919.030,21.800,240.000,218.930,13.340,
0.200,4.000,2,20,252.000,1760.080,52.600,240.000,219.710,14.770,
0.200,4.000,3,20,253.000,1931.230,20.000,240.000,215.710,12.980,
0.200,4.000,4,20,253.000,2035.200,22.300,240.000,218.230,13.400,
0.200,4.000,5,20,252.000,1835.090,131.800,240.000,234.590,12.770,
0.200,4.000,6,20,253.000,1941.750,133.000,240.000,234.650,14.590,
0.200,4.000,7,20,253.000,1654.850,224.500,240.000,239.220,12.420,
0.200,4.000,8,20,253.000,1480.540,38.700,240.000,228.690,12.100,
0.200,4.000,9,20,252.000,1774.270,198.800,240.000,237.940,12.680,
0.200,4.500,0,20,253.000,1732.260,23.500,240.000,197.710,12.570,
0.200,4.500,1,20,253.000,1919.030,39.100,240.000,229.960,12.640,
0.200,4.500,2,20,252.000,1760.080,51.900,240.000,220.890,13.830,
0.200,4.500,3,20,253.000,1931.230,52.500,240.000,228.090,12.210,
0.200,4.500,4,20,253.000,2035.200,45.000,240.000,223.110,12.650,
0.200,4.500,5,20,252.000,1835.090,240.000,240.000,240.000,12.090,
0.200,4.500,6,20,253.000,1941.750,72.300,240.000,231.620,13.730,
0.200,4.500,7,20,253.000,1654.850,30.900,240.000,229.380,11.830,
0.200,4.500,8,20,253.000,1480.540,38.200,240.000,229.130,11.330,
0.200,4.500,9,20,252.000,1774.270,204.800,240.000,238.240,12.400,
0.200,5.000,0,20,253.000,1732.260,25.000,240.000,198.030,11.880,
0.200,5.000,1,20,253.000,1919.030,36.400,240.000,229.820,12.750,
0.200,5.000,2,20,252.000,1760.080,51.500,240.000,221.040,14.240,
0.200,5.000,3,20,253.000,1931.230,52.500,240.000,228.140,12.410,
0.200,5.000,4,20,253.000,2035.200,44.800,240.000,223.140,12.850,
0.200,5.000,5,20,252.000,1835.090,240.000,240.000,240.000,12.250,
0.200,5.000,6,20,253.000,1941.750,25.700,240.000,220.350,13.940,
0.200,5.000,7,20,253.000,1654.850,29.700,240.000,229.480,11.940,
0.200,5.000,8,20,253.000,1480.540,31.300,240.000,228.970,11.600,
0.200,5.000,9,20,252.000,1774.270,30.500,240.000,227.930,12.200,
0.200,5.500,0,20,253.000,1732.260,27.500,240.000,198.310,12.210,
0.200,5.500,1,20,253.000,1919.030,36.200,240.000,229.810,13.500,
0.200,5.500,2,20,252.000,1760.080,51.200,240.000,221.160,14.940,
0.200,5.500,3,20,253.000,1931.230,52.300,240.000,226.710,13.110,
0.200,5.500,4,20,253.000,2035.200,44.600,240.000,223.180,13.120,
0.200,5.500,5,20,252.000,1835.090,240.000,240.000,240.000,12.670,
0.200,5.500,6,20,253.000,1941.750,27.500,240.000,220.370,14.400,
0.200,5.500,7,20,253.000,1654.850,28.300,240.000,229.420,12.860,
0.200,5.500,8,20,253.000,1480.540,29.200,240.000,229.110,11.950,
0.200,5.500,9,20,252.000,1774.270,30.700,240.000,228.060,13.100,
0.200,6.000,0,20,253.000,1732.260,30.000,240.000,198.300,12.620,
0.200,6.000,1,20,253.000,1919.030,36.000,240.000,229.800,12.590,
0.200,6.000,2,20,252.000,1760.080,51.100,240.000,221.250,14.030,
0.200,6.000,3,20,253.000,1931.230,51.600,240.000,226.560,12.160,
0.200,6.000,4,20,253.000,2035.200,44.600,240.000,223.220,12.760,
0.200,6.000,5,20,252.000,1835.090,50.800,240.000,230.540,12.710,
0.200,6.000,6,20,253.000,1941.750,30.000,240.000,220.380,13.260,
0.200,6.000,7,20,253.000,1654.850,30.000,240.000,229.500,11.910,
0.200,6.000,8,20,253.000,1480.540,30.100,240.000,229.510,11.580,
0.200,6.000,9,20,252.000,1774.270,30.100,240.000,228.140,12.180,
0.200,6.500,0,20,253.000,1732.260,32.500,240.000,198.670,11.850,
0.200,6.500,1,20,253.000,1919.030,35.800,240.000,229.790,12.370,
0.200,6.500,2,20,252.000,1760.080,51.100,240.000,221.330,13.690,
0.200,6.500,3,20,253.000,1931.230,51.200,240.000,226.430,11.830,
0.200,6.500,4,20,253.000,2035.200,44.500,240.000,223.260,11.940,
0.200,6.500,5,20,252.000,1835.090,49.600,240.000,230.480,11.820,
0.200,6.500,6,20,253.000,1941.750,56.500,240.000,230.820,13.300,
0.200,6.500,7,20,253.000,1654.850,32.500,240.000,229.620,11.060,
0.200,6.500,8,20,253.000,1480.540,32.600,240.000,229.630,10.940,
0.200,6.500,9,20,252.000,1774.270,214.700,240.000,238.730,11.360,
0.200,7.000,0,20,253.000,1732.260,35.000,240.000,201.320,11.830,
0.200,7.000,1,20,253.000,1919.030,36.500,240.000,229.820,11.540,
0.200,7.000,2,20,252.000,1760.080,54.100,240.000,221.560,12.500,
0.200,7.000,3,20,253.000,1931.230,50.700,240.000,226.350,11.490,
0.200,7.000,4,20,253.000,2035.200,44.600,240.000,223.310,11.240,
0.200,7.000,5,20,252.000,1835.090,48.200,240.000,230.410,11.290,
0.200,7.000,6,20,253.000,1941.750,37.000,240.000,229.850,12.140,
0.200,7.000,7,20,253.000,1654.850,35.000,240.000,229.750,10.830,
0.200,7.000,8,20,253.000,1480.540,35.000,240.000,229.750,10.270,
0.200,7.000,9,20,252.000,1774.270,240.000,240.000,240.000,10.600,
