I_U,T_INT,seed,nodes_measured,total_assignments,sim_elapsed_s,conv_time_min_s,conv_time_max_s,conv_time_mean_s,wall_time_s,error
0.250,3.000,0,65,75,1080.000,79.800,180.000,133.130,36.050,
0.250,3.000,1,68,78,1080.000,79.800,180.000,130.820,31.620,
0.250,3.000,2,65,75,1080.000,79.800,180.000,135.320,33.420,
0.250,3.000,3,65,75,1080.000,79.800,180.000,132.470,35.420,
0.250,3.000,4,66,76,1080.000,79.800,180.000,135.410,37.190,
0.250,3.000,5,66,76,1080.000,79.800,180.000,133.330,34.210,
0.250,3.000,6,68,78,1080.000,79.800,180.000,126.040,29.940,
0.250,3.000,7,65,75,1080.000,80.700,180.000,132.000,30.820,
0.250,3.000,8,66,76,1080.000,79.800,180.000,132.110,30.700,
0.250,3.000,9,68,78,1080.000,79.800,180.000,129.460,35.080,
0.250,3.500,0,62,72,1080.000,79.800,180.000,138.550,35.440,
0.250,3.500,1,67,77,1080.000,79.800,180.000,132.950,29.760,
0.250,3.500,2,65,75,1080.000,79.800,180.000,135.670,30.190,
0.250,3.500,3,62,72,1080.000,79.800,180.000,136.790,30.920,
0.250,3.500,4,66,76,1080.000,79.800,180.000,132.720,35.590,
0.250,3.500,5,63,73,1080.000,79.800,180.000,137.210,30.750,
0.250,3.500,6,67,77,1080.000,79.800,180.000,128.510,31.340,
0.250,3.500,7,63,73,1080.000,79.800,180.000,136.040,29.740,
0.250,3.500,8,63,73,1080.000,79.800,180.000,137.330,30.680,
0.250,3.500,9,63,73,1080.000,79.800,180.000,137.170,33.550,
0.250,4.000,0,61,71,1080.000,79.800,180.000,144.650,32.350,
0.250,4.000,1,62,72,1080.000,79.800,180.000,139.150,28.040,
0.250,4.000,2,60,70,1080.000,81.000,180.000,144.070,29.140,
0.250,4.000,3,59,69,1080.000,79.800,180.000,143.500,29.130,
0.250,4.000,4,58,68,1080.000,79.800,180.000,149.040,30.520,
0.250,4.000,5,62,72,1080.000,79.800,180.000,138.630,30.020,
0.250,4.000,6,62,72,1080.000,79.800,180.000,138.230,30.590,
0.250,4.000,7,60,70,1080.000,79.800,180.000,145.250,30.280,
0.250,4.000,8,62,72,1080.000,79.800,180.000,144.320,28.590,
0.250,4.000,9,60,70,1080.000,79.800,180.000,140.650,32.840,
0.250,4.500,0,58,68,1080.000,83.000,180.000,147.400,31.230,
0.250,4.500,1,60,70,1080.000,81.100,180.000,146.410,29.530,
0.250,4.500,2,57,67,1080.000,80.100,180.000,152.340,29.560,
0.250,4.500,3,59,69,1080.000,80.900,180.000,148.360,28.690,
0.250,4.500,4,57,67,1080.000,89.400,180.000,150.610,30.570,
0.250,4.500,5,57,67,1080.000,82.900,180.000,151.580,29.230,
0.250,4.500,6,60,70,1080.000,83.500,180.000,145.700,29.870,
0.250,4.500,7,59,69,1080.000,92.500,180.000,146.940,30.470,
0.250,4.500,8,59,69,1080.000,79.800,180.000,149.320,30.910,
0.250,4.500,9,59,69,1080.000,79.800,180.000,146.510,33.100,
0.250,5.000,0,56,66,1080.000,94.900,180.000,154.590,31.120,
0.250,5.000,1,58,68,1080.000,82.300,180.000,153.600,28.170,
0.250,5.000,2,56,66,1080.000,95.100,180.000,154.810,28.580,
0.250,5.000,3,55,65,1080.000,86.900,180.000,153.910,31.350,
0.250,5.000,4,54,64,1080.000,99.700,180.000,157.880,29.590,
0.250,5.000,5,54,64,1080.000,95.900,180.000,156.070,29.690,
0.250,5.000,6,58,68,1080.000,97.500,180.000,148.660,28.750,
0.250,5.000,7,59,69,1080.000,91.700,180.000,152.700,30.760,
0.250,5.000,8,59,69,1080.000,79.800,180.000,150.410,31.510,
0.250,5.000,9,56,66,1080.000,79.800,180.000,151.420,34.050,
0.250,5.500,0,55,65,1080.000,100.600,180.000,156.250,35.520,
0.250,5.500,1,58,68,1080.000,88.500,180.000,154.600,30.380,
0.250,5.500,2,57,67,1080.000,96.000,180.000,155.480,33.630,
0.250,5.500,3,54,64,1080.000,101.600,180.000,159.140,32.870,
0.250,5.500,4,55,65,1080.000,101.300,180.000,157.520,34.110,
0.250,5.500,5,56,66,1080.000,93.200,180.000,153.960,30.720,
0.250,5.500,6,60,70,1080.000,92.000,180.000,146.450,31.380,
0.250,5.500,7,58,68,1080.000,90.600,180.000,153.740,33.540,
0.250,5.500,8,54,64,1080.000,100.900,180.000,155.770,29.340,
0.250,5.500,9,54,64,1080.000,79.800,180.000,153.560,33.340,
0.250,6.000,0,55,65,1080.000,85.000,180.000,156.280,34.570,
0.250,6.000,1,58,68,1080.000,82.400,180.000,148.920,30.070,
0.250,6.000,2,57,67,1080.000,96.500,180.000,154.070,33.120,
0.250,6.000,3,54,64,1080.000,85.500,180.000,154.370,36.690,
0.250,6.000,4,56,66,1080.000,86.900,180.000,154.830,39.370,
0.250,6.000,5,54,64,1080.000,100.800,180.000,155.250,33.230,
0.250,6.000,6,57,67,1080.000,93.500,180.000,150.160,30.680,
0.250,6.000,7,56,66,1080.000,79.800,180.000,154.280,30.140,
0.250,6.000,8,57,67,1080.000,90.800,180.000,154.840,32.220,
0.250,6.000,9,58,68,1080.000,80.100,180.000,149.710,33.940,
0.250,6.500,0,55,65,1080.000,80.700,180.000,155.990,32.900,
0.250,6.500,1,58,68,1080.000,82.900,180.000,152.610,27.820,
0.250,6.500,2,56,66,1080.000,79.800,180.000,154.030,28.850,
0.250,6.500,3,54,64,1080.000,97.300,180.000,155.080,29.250,
0.250,6.500,4,57,67,1080.000,89.500,180.000,155.750,34.160,
0.250,6.500,5,57,67,1080.000,102.500,180.000,154.360,32.100,
0.250,6.500,6,57,67,1080.000,79.800,180.000,148.460,32.390,
0.250,6.500,7,58,68,1080.000,79.800,180.000,152.150,31.930,
0.250,6.500,8,57,67,1080.000,79.800,180.000,154.170,30.350,
0.250,6.500,9,59,69,1080.000,79.800,180.000,145.760,31.760,
0.250,7.000,0,54,64,1080.000,86.300,180.000,158.170,29.970,
0.250,7.000,1,58,68,1080.000,80.100,180.000,151.310,27.700,
0.250,7.000,2,56,66,1080.000,85.600,180.000,154.970,31.110,
0.250,7.000,3,56,66,1080.000,96.700,180.000,153.240,28.330,
0.250,7.000,4,57,67,1080.000,94.000,180.000,153.870,31.050,
0.250,7.000,5,56,66,1080.000,105.700,180.000,156.510,30.500,
0.250,7.000,6,58,68,1080.000,80.900,180.000,149.030,29.790,
0.250,7.000,7,56,66,1080.000,79.800,180.000,153.570,30.260,
0.250,7.000,8,59,69,1080.000,79.800,180.000,150.440,29.660,
0.250,7.000,9,55,65,1080.000,91.900,180.000,151.270,33.920,
0.261,3.000,0,62,72,1080.000,85.500,180.000,139.230,35.350,
0.261,3.000,1,62,72,1080.000,79.800,180.000,138.440,28.300,
0.261,3.000,2,59,69,1080.000,90.100,180.000,144.530,29.270,
0.261,3.000,3,63,73,1080.000,79.800,180.000,137.210,31.460,
0.261,3.000,4,62,72,1080.000,85.400,180.000,143.420,30.810,
0.261,3.000,5,61,71,1080.000,88.300,180.000,140.900,30.250,
0.261,3.000,6,65,75,1080.000,79.800,180.000,132.990,31.400,
0.261,3.000,7,61,71,1080.000,84.500,180.000,140.550,30.280,
0.261,3.000,8,64,74,1080.000,79.800,180.000,137.320,31.670,
0.261,3.000,9,63,73,1080.000,79.800,180.000,138.110,34.000,
0.261,3.500,0,59,69,1080.000,85.100,180.000,146.040,31.940,
0.261,3.500,1,62,72,1080.000,79.800,180.000,142.050,29.370,
0.261,3.500,2,58,68,1080.000,79.800,180.000,146.470,29.580,
0.261,3.500,3,60,70,1080.000,79.800,180.000,146.050,30.280,
0.261,3.500,4,57,67,1080.000,94.700,180.000,150.330,32.140,
0.261,3.500,5,59,69,1080.000,79.800,180.000,144.970,31.410,
0.261,3.500,6,62,72,1080.000,79.800,180.000,139.800,32.990,
0.261,3.500,7,59,69,1080.000,79.800,180.000,143.480,31.560,
0.261,3.500,8,59,69,1080.000,79.800,180.000,147.360,32.360,
0.261,3.500,9,58,68,1080.000,79.800,180.000,144.820,35.940,
0.261,4.000,0,57,67,1080.000,101.600,180.000,154.110,35.420,
0.261,4.000,1,58,68,1080.000,83.000,180.000,146.260,31.460,
0.261,4.000,2,57,67,1080.000,93.700,180.000,155.280,31.380,
0.261,4.000,3,59,69,1080.000,79.800,180.000,151.050,33.530,
0.261,4.000,4,56,66,1080.000,97.000,180.000,154.530,30.880,
0.261,4.000,5,57,67,1080.000,83.400,180.000,146.830,28.040,
0.261,4.000,6,59,69,1080.000,79.900,180.000,146.520,30.650,
0.261,4.000,7,58,68,1080.000,105.800,180.000,152.860,31.100,
0.261,4.000,8,58,68,1080.000,81.600,180.000,149.680,30.930,
0.261,4.000,9,57,67,1080.000,97.900,180.000,148.920,33.400,
0.261,4.500,0,55,65,1080.000,98.400,180.000,158.020,32.560,
0.261,4.500,1,57,67,1080.000,84.400,180.000,155.130,28.390,
0.261,4.500,2,54,64,1080.000,97.900,180.000,158.570,29.660,
0.261,4.500,3,58,68,1080.000,87.800,180.000,154.000,29.970,
0.261,4.500,4,56,66,1080.000,85.100,180.000,158.060,29.080,
0.261,4.500,5,54,64,1080.000,82.900,180.000,157.870,28.550,
0.261,4.500,6,58,68,1080.000,83.900,180.000,149.440,32.370,
0.261,4.500,7,57,67,1080.000,108.100,180.000,153.310,29.160,
0.261,4.500,8,57,67,1080.000,89.200,180.000,153.680,28.580,
0.261,4.500,9,56,66,1080.000,83.100,180.000,150.900,32.810,
0.261,5.000,0,53,63,1080.000,99.400,180.000,159.270,29.190,
0.261,5.000,1,57,67,1080.000,87.400,180.000,154.410,29.050,
0.261,5.000,2,54,64,1080.000,95.200,180.000,159.130,30.640,
0.261,5.000,3,51,61,1080.000,91.000,180.000,164.020,27.540,
0.261,5.000,4,53,63,1080.000,99.800,180.000,161.350,28.420,
0.261,5.000,5,53,63,1080.000,86.300,180.000,161.110,27.360,
0.261,5.000,6,55,65,1080.000,90.900,180.000,153.780,29.560,
0.261,5.000,7,55,65,1080.000,90.100,180.000,155.390,29.400,
0.261,5.000,8,52,62,1080.000,96.500,180.000,162.830,30.470,
0.261,5.000,9,53,63,1080.000,104.600,180.000,158.380,29.740,
0.261,5.500,0,53,63,1080.000,100.600,180.000,161.360,30.600,
0.261,5.500,1,56,66,1080.000,95.600,180.000,160.670,28.020,
0.261,5.500,2,54,64,1080.000,96.100,180.000,158.830,28.240,
0.261,5.500,3,52,62,1080.000,91.000,180.000,162.560,28.410,
0.261,5.500,4,56,66,1080.000,96.400,180.000,158.560,29.590,
0.261,5.500,5,55,65,1080.000,86.500,180.000,159.540,28.580,
0.261,5.500,6,57,67,1080.000,92.100,180.000,153.440,28.990,
0.261,5.500,7,52,62,1080.000,96.800,180.000,157.520,27.730,
0.261,5.500,8,53,63,1080.000,103.300,180.000,160.980,28.360,
0.261,5.500,9,53,63,1080.000,90.100,180.000,159.660,30.770,
0.261,6.000,0,53,63,1080.000,101.800,180.000,161.000,29.910,
0.261,6.000,1,57,67,1080.000,87.100,180.000,157.590,27.830,
0.261,6.000,2,54,64,1080.000,96.700,180.000,160.110,31.390,
0.261,6.000,3,55,65,1080.000,103.300,180.000,156.720,29.350,
0.261,6.000,4,54,64,1080.000,87.000,180.000,160.560,28.640,
0.261,6.000,5,54,64,1080.000,100.900,180.000,157.620,28.230,
0.261,6.000,6,57,67,1080.000,93.600,180.000,154.430,33.700,
0.261,6.000,7,53,63,1080.000,110.100,180.000,158.050,28.460,
0.261,6.000,8,56,66,1080.000,90.900,180.000,159.920,29.620,
0.261,6.000,9,56,66,1080.000,90.400,180.000,157.640,33.100,
0.261,6.500,0,54,64,1080.000,105.600,180.000,159.740,31.000,
0.261,6.500,1,57,67,1080.000,87.300,180.000,156.290,26.950,
0.261,6.500,2,55,65,1080.000,91.700,180.000,160.180,27.380,
0.261,6.500,3,56,66,1080.000,94.100,180.000,152.920,29.820,
0.261,6.500,4,57,67,1080.000,89.600,180.000,158.790,31.150,
0.261,6.500,5,55,65,1080.000,86.700,180.000,158.530,30.230,
0.261,6.500,6,56,66,1080.000,95.300,180.000,154.680,29.670,
0.261,6.500,7,54,64,1080.000,79.800,180.000,158.680,30.100,
0.261,6.500,8,57,67,1080.000,79.800,180.000,156.050,29.590,
0.261,6.500,9,55,65,1080.000,82.400,180.000,155.250,30.510,
0.261,7.000,0,54,64,1080.000,100.600,180.000,160.300,29.770,
0.261,7.000,1,57,67,1080.000,87.600,180.000,157.610,26.840,
0.261,7.000,2,53,63,1080.000,94.400,180.000,163.580,28.610,
0.261,7.000,3,55,65,1080.000,100.100,180.000,157.510,30.150,
0.261,7.000,4,53,63,1080.000,106.500,180.000,163.600,27.570,
0.261,7.000,5,55,65,1080.000,79.800,180.000,158.110,28.170,
0.261,7.000,6,55,65,1080.000,90.800,180.000,159.680,31.000,
0.261,7.000,7,55,65,1080.000,91.100,180.000,157.030,29.920,
0.261,7.000,8,53,63,1080.000,81.800,180.000,161.370,27.770,
0.261,7.000,9,55,65,1080.000,93.800,180.000,155.370,31.300,
0.271,3.000,0,58,68,1080.000,80.900,180.000,149.360,33.600,
0.271,3.000,1,61,71,1080.000,79.800,180.000,142.960,27.970,
0.271,3.000,2,57,67,1080.000,90.100,180.000,152.870,28.840,
0.271,3.000,3,60,70,1080.000,79.800,180.000,146.010,30.530,
0.271,3.000,4,59,69,1080.000,86.300,180.000,151.190,31.500,
0.271,3.000,5,60,70,1080.000,84.100,180.000,144.040,30.570,
0.271,3.000,6,59,69,1080.000,93.600,180.000,142.920,29.020,
0.271,3.000,7,59,69,1080.000,80.100,180.000,150.170,28.860,
0.271,3.000,8,60,70,1080.000,79.800,180.000,146.790,31.280,
0.271,3.000,9,58,68,1080.000,79.800,180.000,151.630,32.390,
0.271,3.500,0,55,65,1080.000,79.800,180.000,151.110,30.940,
0.271,3.500,1,58,68,1080.000,88.400,180.000,151.560,26.620,
0.271,3.500,2,57,67,1080.000,80.100,180.000,155.220,29.410,
0.271,3.500,3,58,68,1080.000,79.800,180.000,154.920,31.680,
0.271,3.500,4,58,68,1080.000,85.400,180.000,151.720,29.750,
0.271,3.500,5,56,66,1080.000,90.800,180.000,152.000,28.480,
0.271,3.500,6,60,70,1080.000,86.000,180.000,148.800,29.520,
0.271,3.500,7,59,69,1080.000,101.300,180.000,153.420,28.750,
0.271,3.500,8,59,69,1080.000,81.900,180.000,148.660,27.550,
0.271,3.500,9,54,64,1080.000,100.100,180.000,152.110,32.300,
0.271,4.000,0,54,64,1080.000,79.800,180.000,158.000,30.200,
0.271,4.000,1,57,67,1080.000,89.100,180.000,154.040,28.140,
0.271,4.000,2,56,66,1080.000,97.900,180.000,157.930,28.910,
0.271,4.000,3,56,66,1080.000,86.300,180.000,156.330,30.090,
0.271,4.000,4,56,66,1080.000,87.100,180.000,157.550,28.370,
0.271,4.000,5,56,66,1080.000,83.400,180.000,155.220,27.460,
0.271,4.000,6,58,68,1080.000,79.800,180.000,149.990,29.320,
0.271,4.000,7,53,63,1080.000,111.000,180.000,158.820,28.140,
0.271,4.000,8,57,67,1080.000,79.800,180.000,154.270,28.060,
0.271,4.000,9,55,65,1080.000,83.700,180.000,153.200,31.110,
0.271,4.500,0,51,61,1080.000,108.300,180.000,163.240,31.300,
0.271,4.500,1,54,64,1080.000,87.900,180.000,161.440,26.690,
0.271,4.500,2,53,63,1080.000,100.000,180.000,161.480,28.440,
0.271,4.500,3,53,63,1080.000,88.000,180.000,160.220,28.110,
0.271,4.500,4,53,63,1080.000,98.600,180.000,164.320,28.100,
0.271,4.500,5,54,64,1080.000,96.600,180.000,159.710,29.440,
0.271,4.500,6,56,66,1080.000,85.300,180.000,153.860,30.480,
0.271,4.500,7,53,63,1080.000,112.000,180.000,161.920,26.400,
0.271,4.500,8,56,66,1080.000,93.400,180.000,157.530,29.830,
0.271,4.500,9,53,63,1080.000,103.500,180.000,160.080,29.560,
0.271,5.000,0,52,62,1080.000,106.800,180.000,166.110,30.170,
0.271,5.000,1,53,63,1080.000,90.500,180.000,163.930,26.270,
0.271,5.000,2,53,63,1080.000,95.300,180.000,160.540,29.260,
0.271,5.000,3,51,61,1080.000,91.100,180.000,167.560,28.180,
0.271,5.000,4,51,61,1080.000,93.100,180.000,169.260,28.600,
0.271,5.000,5,53,63,1080.000,98.200,180.000,161.440,28.210,
0.271,5.000,6,55,65,1080.000,91.100,180.000,156.020,30.170,
0.271,5.000,7,51,61,1080.000,113.800,180.000,164.800,28.640,
0.271,5.000,8,51,61,1080.000,102.100,180.000,166.490,27.340,
0.271,5.000,9,53,63,1080.000,104.700,180.000,163.910,28.910,
0.271,5.500,0,51,61,1080.000,110.900,180.000,167.200,32.330,
0.271,5.500,1,53,63,1080.000,101.200,180.000,165.450,27.120,
0.271,5.500,2,51,61,1080.000,83.100,180.000,166.460,27.780,
0.271,5.500,3,51,61,1080.000,91.200,180.000,167.320,27.690,
0.271,5.500,4,51,61,1080.000,101.400,180.000,168.180,29.920,
0.271,5.500,5,51,61,1080.000,99.700,180.000,165.300,26.920,
0.271,5.500,6,54,64,1080.000,86.800,180.000,157.210,29.420,
0.271,5.500,7,50,60,1080.000,97.100,180.000,166.350,30.510,
0.271,5.500,8,52,62,1080.000,90.600,180.000,166.540,27.960,
0.271,5.500,9,53,63,1080.000,101.600,180.000,162.560,30.760,
0.271,6.000,0,51,61,1080.000,113.600,180.000,166.080,29.320,
0.271,6.000,1,56,66,1080.000,79.800,180.000,160.890,27.630,
0.271,6.000,2,51,61,1080.000,96.900,180.000,169.610,28.350,
0.271,6.000,3,52,62,1080.000,105.100,180.000,162.540,29.820,
0.271,6.000,4,51,61,1080.000,103.400,180.000,167.260,29.450,
0.271,6.000,5,51,61,1080.000,101.000,180.000,163.560,26.960,
0.271,6.000,6,52,62,1080.000,93.700,180.000,163.840,29.100,
0.271,6.000,7,51,61,1080.000,90.200,180.000,165.390,27.400,
0.271,6.000,8,54,64,1080.000,83.200,180.000,164.690,28.190,
0.271,6.000,9,52,62,1080.000,99.600,180.000,162.340,29.450,
0.271,6.500,0,51,61,1080.000,105.700,180.000,164.900,30.700,
0.271,6.500,1,55,65,1080.000,80.100,180.000,164.050,27.250,
0.271,6.500,2,54,64,1080.000,93.800,180.000,163.670,29.260,
0.271,6.500,3,54,64,1080.000,102.100,180.000,159.750,30.830,
0.271,6.500,4,51,61,1080.000,106.600,180.000,168.380,31.000,
0.271,6.500,5,54,64,1080.000,100.000,180.000,160.660,27.510,
0.271,6.500,6,54,64,1080.000,81.200,180.000,159.060,29.090,
0.271,6.500,7,51,61,1080.000,90.900,180.000,166.580,28.600,
0.271,6.500,8,54,64,1080.000,90.100,180.000,163.880,28.990,
0.271,6.500,9,54,64,1080.000,93.200,180.000,158.510,31.190,
0.271,7.000,0,51,61,1080.000,94.200,180.000,165.290,30.610,
0.271,7.000,1,53,63,1080.000,87.600,180.000,168.350,27.980,
0.271,7.000,2,52,62,1080.000,94.500,180.000,169.230,28.910,
0.271,7.000,3,53,63,1080.000,96.700,180.000,162.790,29.900,
0.271,7.000,4,50,60,1080.000,111.400,180.000,168.750,28.620,
0.271,7.000,5,53,63,1080.000,99.200,180.000,162.620,29.230,
0.271,7.000,6,52,62,1080.000,98.800,180.000,165.870,29.160,
0.271,7.000,7,52,62,1080.000,90.200,180.000,165.370,29.010,
0.271,7.000,8,53,63,1080.000,93.100,180.000,164.040,28.920,
0.271,7.000,9,53,63,1080.000,94.000,180.000,160.660,33.770,
0.282,3.000,0,52,62,1080.000,79.800,180.000,156.060,30.060,
0.282,3.000,1,58,68,1080.000,100.700,180.000,152.360,28.030,
0.282,3.000,2,55,65,1080.000,98.700,180.000,155.800,29.460,
0.282,3.000,3,56,66,1080.000,79.800,180.000,152.990,29.540,
0.282,3.000,4,57,67,1080.000,79.800,180.000,156.050,31.450,
0.282,3.000,5,56,66,1080.000,84.600,180.000,154.580,30.870,
0.282,3.000,6,58,68,1080.000,81.200,180.000,151.040,28.780,
0.282,3.000,7,53,63,1080.000,111.400,180.000,159.160,29.480,
0.282,3.000,8,54,64,1080.000,79.800,180.000,160.410,27.770,
0.282,3.000,9,54,64,1080.000,100.100,180.000,156.340,33.350,
0.282,3.500,0,50,60,1080.000,79.800,180.000,161.480,28.840,
0.282,3.500,1,57,67,1080.000,96.400,180.000,156.860,27.560,
0.282,3.500,2,53,63,1080.000,83.300,180.000,161.490,27.950,
0.282,3.500,3,55,65,1080.000,94.300,180.000,156.390,28.740,
0.282,3.500,4,52,62,1080.000,104.000,180.000,163.250,29.520,
0.282,3.500,5,56,66,1080.000,95.900,180.000,156.200,27.540,
0.282,3.500,6,56,66,1080.000,82.800,180.000,154.650,30.430,
0.282,3.500,7,54,64,1080.000,103.400,180.000,160.420,29.390,
0.282,3.500,8,54,64,1080.000,79.800,180.000,160.680,27.570,
0.282,3.500,9,53,63,1080.000,96.900,180.000,160.140,31.910,
0.282,4.000,0,50,60,1080.000,81.500,180.000,164.750,31.210,
0.282,4.000,1,54,64,1080.000,96.800,180.000,159.240,27.190,
0.282,4.000,2,53,63,1080.000,102.100,180.000,165.830,28.890,
0.282,4.000,3,54,64,1080.000,89.100,180.000,159.050,29.470,
0.282,4.000,4,53,63,1080.000,85.100,180.000,164.660,29.060,
0.282,4.000,5,53,63,1080.000,83.400,180.000,158.950,27.590,
0.282,4.000,6,53,63,1080.000,85.400,180.000,160.290,30.180,
0.282,4.000,7,53,63,1080.000,117.000,180.000,163.800,30.410,
0.282,4.000,8,52,62,1080.000,81.600,180.000,168.990,28.950,
0.282,4.000,9,54,64,1080.000,95.900,180.000,159.560,39.570,
0.282,4.500,0,50,60,1080.000,109.900,180.000,168.130,34.240,
0.282,4.500,1,52,62,1080.000,82.700,180.000,167.450,33.230,
0.282,4.500,2,52,62,1080.000,101.000,180.000,166.830,33.640,
0.282,4.500,3,52,62,1080.000,90.900,180.000,166.070,36.210,
0.282,4.500,4,50,60,1080.000,105.100,180.000,172.420,35.010,
0.282,4.500,5,53,63,1080.000,96.700,180.000,160.310,31.490,
0.282,4.500,6,53,63,1080.000,90.400,180.000,162.300,33.700,
0.282,4.500,7,51,61,1080.000,124.300,180.000,168.910,31.090,
0.282,4.500,8,51,61,1080.000,121.500,180.000,171.730,32.120,
0.282,4.500,9,51,61,1080.000,100.800,180.000,165.300,31.770,
0.282,5.000,0,51,61,1080.000,92.300,180.000,167.440,34.210,
0.282,5.000,1,51,61,1080.000,100.100,180.000,170.240,28.320,
0.282,5.000,2,51,61,1080.000,115.300,180.000,171.110,29.190,
0.282,5.000,3,51,61,1080.000,91.200,180.000,170.260,31.320,
0.282,5.000,4,50,60,1080.000,144.200,180.000,175.800,30.500,
0.282,5.000,5,52,62,1080.000,98.300,180.000,165.770,29.580,
0.282,5.000,6,52,62,1080.000,91.200,180.000,164.940,33.000,
0.282,5.000,7,50,60,1080.000,126.100,180.000,171.910,28.830,
0.282,5.000,8,50,60,1080.000,127.000,180.000,171.810,28.560,
0.282,5.000,9,51,61,1080.000,105.100,180.000,166.500,33.370,
0.282,5.500,0,51,61,1080.000,119.000,180.000,169.180,33.880,
0.282,5.500,1,51,61,1080.000,101.200,180.000,171.900,29.870,
0.282,5.500,2,50,60,1080.000,116.500,180.000,173.950,29.350,
0.282,5.500,3,51,61,1080.000,91.300,180.000,169.060,31.460,
0.282,5.500,4,50,60,1080.000,140.300,180.000,175.800,30.180,
0.282,5.500,5,51,61,1080.000,99.800,180.000,169.180,30.150,
0.282,5.500,6,51,61,1080.000,92.200,180.000,165.840,30.560,
0.282,5.500,7,50,60,1080.000,94.100,180.000,172.020,31.330,
0.282,5.500,8,50,60,1080.000,142.200,180.000,174.010,27.770,
0.282,5.500,9,52,62,1080.000,105.700,180.000,166.500,34.260,
0.282,6.000,0,51,61,1080.000,119.000,180.000,168.240,31.500,
0.282,6.000,1,51,61,1080.000,79.800,180.000,168.580,29.860,
0.282,6.000,2,52,62,1080.000,97.700,180.000,170.300,29.090,
0.282,6.000,3,50,60,1080.000,110.300,180.000,170.630,30.790,
0.282,6.000,4,51,61,1080.000,88.300,180.000,171.680,32.640,
0.282,6.000,5,51,61,1080.000,101.000,180.000,169.070,30.900,
0.282,6.000,6,50,60,1080.000,93.800,180.000,165.370,30.690,
0.282,6.000,7,50,60,1080.000,93.600,180.000,171.520,29.450,
0.282,6.000,8,51,61,1080.000,117.400,180.000,172.400,28.420,
0.282,6.000,9,51,61,1080.000,107.000,180.000,168.060,31.000,
0.282,6.500,0,51,61,1080.000,114.400,180.000,165.520,29.420,
0.282,6.500,1,54,64,1080.000,94.400,180.000,164.260,26.700,
0.282,6.500,2,52,62,1080.000,98.100,180.000,169.240,27.170,
0.282,6.500,3,50,60,1080.000,105.100,180.000,168.030,27.910,
0.282,6.500,4,50,60,1080.000,107.900,180.000,172.960,28.270,
0.282,6.500,5,51,61,1080.000,113.500,180.000,165.850,26.550,
0.282,6.500,6,54,64,1080.000,90.000,180.000,161.240,28.930,
0.282,6.500,7,50,60,1080.000,93.700,180.000,171.630,27.260,
0.282,6.500,8,52,62,1080.000,96.500,180.000,169.030,27.630,
0.282,6.500,9,52,62,1080.000,99.000,180.000,165.470,29.610,
0.282,7.000,0,50,60,1080.000,116.600,180.000,170.310,28.430,
0.282,7.000,1,52,62,1080.000,90.500,180.000,168.990,27.410,
0.282,7.000,2,51,61,1080.000,87.800,180.000,169.930,27.920,
0.282,7.000,3,51,61,1080.000,111.200,180.000,170.530,27.600,
0.282,7.000,4,50,60,1080.000,111.600,180.000,170.570,28.720,
0.282,7.000,5,51,61,1080.000,106.700,180.000,165.820,29.050,
0.282,7.000,6,51,61,1080.000,98.800,180.000,167.020,29.900,
0.282,7.000,7,50,60,1080.000,93.400,180.000,170.480,27.660,
0.282,7.000,8,52,62,1080.000,97.600,180.000,168.960,30.110,
0.282,7.000,9,51,61,1080.000,96.400,180.000,168.130,28.720,
0.293,3.000,0,50,60,1080.000,82.100,180.000,164.600,30.930,
0.293,3.000,1,55,65,1080.000,99.200,180.000,159.410,27.800,
0.293,3.000,2,53,63,1080.000,103.200,180.000,163.420,30.130,
0.293,3.000,3,51,61,1080.000,108.400,180.000,162.580,29.230,
0.293,3.000,4,52,62,1080.000,104.400,180.000,166.160,28.300,
0.293,3.000,5,55,65,1080.000,79.800,180.000,157.830,28.860,
0.293,3.000,6,53,63,1080.000,81.200,180.000,160.310,29.150,
0.293,3.000,7,50,60,1080.000,115.100,180.000,165.980,31.030,
0.293,3.000,8,53,63,1080.000,82.000,180.000,166.010,27.780,
0.293,3.000,9,53,63,1080.000,95.100,180.000,161.320,30.560,
0.293,3.500,0,50,60,1080.000,79.800,180.000,164.630,28.040,
0.293,3.500,1,53,63,1080.000,104.200,180.000,164.870,28.090,
0.293,3.500,2,50,60,1080.000,104.300,180.000,169.780,28.660,
0.293,3.500,3,51,61,1080.000,106.900,180.000,164.550,31.300,
0.293,3.500,4,52,62,1080.000,85.100,180.000,169.100,30.000,
0.293,3.500,5,52,62,1080.000,92.300,180.000,161.460,29.960,
0.293,3.500,6,53,63,1080.000,86.600,180.000,161.400,31.110,
0.293,3.500,7,52,62,1080.000,95.100,180.000,166.380,30.990,
0.293,3.500,8,52,62,1080.000,81.600,180.000,169.460,30.180,
0.293,3.500,9,52,62,1080.000,103.200,180.000,163.170,30.220,
0.293,4.000,0,50,60,1080.000,111.700,180.000,169.510,28.590,
0.293,4.000,1,53,63,1080.000,93.600,180.000,166.440,29.480,
0.293,4.000,2,51,61,1080.000,105.100,180.000,168.990,31.200,
0.293,4.000,3,50,60,1080.000,124.000,180.000,170.690,27.360,
0.293,4.000,4,51,61,1080.000,121.700,180.000,171.150,30.100,
0.293,4.000,5,51,61,1080.000,83.400,180.000,163.390,29.340,
0.293,4.000,6,53,63,1080.000,88.600,180.000,161.270,27.980,
0.293,4.000,7,50,60,1080.000,123.200,180.000,167.970,30.420,
0.293,4.000,8,51,61,1080.000,115.400,180.000,172.070,27.730,
0.293,4.000,9,52,62,1080.000,108.700,180.000,165.000,30.500,
0.293,4.500,0,50,60,1080.000,110.100,180.000,171.340,29.520,
0.293,4.500,1,51,61,1080.000,80.100,180.000,172.620,26.820,
0.293,4.500,2,51,61,1080.000,101.100,180.000,170.770,28.970,
0.293,4.500,3,51,61,1080.000,91.000,180.000,171.530,27.580,
0.293,4.500,4,50,60,1080.000,116.100,180.000,173.200,29.760,
0.293,4.500,5,50,60,1080.000,118.600,180.000,169.610,27.160,
0.293,4.500,6,51,61,1080.000,90.300,180.000,168.320,29.360,
0.293,4.500,7,50,60,1080.000,118.200,180.000,171.340,29.330,
0.293,4.500,8,51,61,1080.000,110.100,180.000,172.250,28.090,
0.293,4.500,9,50,60,1080.000,105.100,180.000,170.240,32.220,
0.293,5.000,0,51,61,1080.000,115.000,180.000,168.850,30.860,
0.293,5.000,1,50,60,1080.000,131.200,180.000,175.890,26.190,
0.293,5.000,2,50,60,1080.000,118.200,180.000,173.290,28.560,
0.293,5.000,3,50,60,1080.000,91.300,180.000,172.800,27.440,
0.293,5.000,4,50,60,1080.000,130.600,180.000,175.850,27.850,
0.293,5.000,5,50,60,1080.000,139.500,180.000,173.950,26.410,
0.293,5.000,6,52,62,1080.000,91.300,180.000,164.030,31.890,
0.293,5.000,7,50,60,1080.000,125.500,180.000,173.570,28.340,
0.293,5.000,8,50,60,1080.000,142.200,180.000,175.680,27.110,
0.293,5.000,9,50,60,1080.000,109.100,180.000,171.490,31.440,
0.293,5.500,0,50,60,1080.000,119.100,180.000,172.120,32.340,
0.293,5.500,1,50,60,1080.000,140.100,180.000,176.860,25.940,
0.293,5.500,2,51,61,1080.000,103.300,180.000,173.110,27.690,
0.293,5.500,3,50,60,1080.000,91.400,180.000,172.980,27.660,
0.293,5.500,4,50,60,1080.000,132.600,180.000,176.080,28.860,
0.293,5.500,5,51,61,1080.000,93.500,180.000,169.740,31.420,
0.293,5.500,6,51,61,1080.000,92.300,180.000,169.650,28.550,
0.293,5.500,7,50,60,1080.000,101.400,180.000,173.910,26.790,
0.293,5.500,8,50,60,1080.000,107.800,180.000,174.860,27.040,
0.293,5.500,9,51,61,1080.000,110.100,180.000,170.970,30.440,
0.293,6.000,0,50,60,1080.000,120.800,180.000,172.090,32.510,
0.293,6.000,1,50,60,1080.000,149.300,180.000,177.200,26.170,
0.293,6.000,2,51,61,1080.000,104.800,180.000,173.200,27.710,
0.293,6.000,3,50,60,1080.000,88.300,180.000,172.700,27.400,
0.293,6.000,4,50,60,1080.000,115.400,180.000,173.660,28.710,
0.293,6.000,5,51,61,1080.000,93.500,180.000,170.320,28.720,
0.293,6.000,6,50,60,1080.000,94.900,180.000,170.390,31.620,
0.293,6.000,7,50,60,1080.000,101.300,180.000,174.340,27.350,
0.293,6.000,8,52,62,1080.000,81.500,180.000,172.460,28.520,
0.293,6.000,9,50,60,1080.000,96.000,180.000,173.130,31.810,
0.293,6.500,0,50,60,1080.000,121.900,180.000,171.570,29.520,
0.293,6.500,1,50,60,1080.000,134.500,180.000,176.520,26.780,
0.293,6.500,2,51,61,1080.000,106.600,180.000,172.550,28.320,
0.293,6.500,3,50,60,1080.000,88.200,180.000,171.890,28.170,
0.293,6.500,4,50,60,1080.000,110.700,180.000,172.170,29.630,
0.293,6.500,5,50,60,1080.000,127.200,180.000,170.730,28.820,
0.293,6.500,6,51,61,1080.000,95.600,180.000,170.470,28.500,
0.293,6.500,7,50,60,1080.000,101.200,180.000,173.040,27.660,
0.293,6.500,8,52,62,1080.000,84.900,180.000,173.020,28.390,
0.293,6.500,9,50,60,1080.000,94.600,180.000,170.400,32.330,
0.293,7.000,0,50,60,1080.000,116.700,180.000,172.450,31.810,
0.293,7.000,1,50,60,1080.000,115.100,180.000,174.590,26.650,
0.293,7.000,2,50,60,1080.000,125.900,180.000,175.910,29.400,
0.293,7.000,3,50,60,1080.000,111.300,180.000,173.230,27.750,
0.293,7.000,4,50,60,1080.000,121.500,180.000,173.240,28.370,
0.293,7.000,5,51,61,1080.000,105.900,180.000,168.610,29.010,
0.293,7.000,6,51,61,1080.000,98.900,180.000,172.880,30.410,
0.293,7.000,7,50,60,1080.000,101.000,180.000,174.080,27.000,
0.293,7.000,8,52,62,1080.000,99.600,180.000,172.060,29.930,
0.293,7.000,9,50,60,1080.000,114.500,180.000,173.380,30.740,
0.304,3.000,0,51,61,1080.000,83.800,180.000,162.810,29.970,
0.304,3.000,1,54,64,1080.000,79.800,180.000,161.290,26.890,
0.304,3.000,2,51,61,1080.000,108.900,180.000,170.570,28.770,
0.304,3.000,3,50,60,1080.000,101.600,180.000,169.030,28.710,
0.304,3.000,4,51,61,1080.000,110.100,180.000,171.370,27.760,
0.304,3.000,5,51,61,1080.000,97.300,180.000,167.880,27.080,
0.304,3.000,6,52,62,1080.000,90.900,180.000,166.070,29.720,
0.304,3.000,7,51,61,1080.000,108.800,180.000,169.070,31.060,
0.304,3.000,8,51,61,1080.000,116.200,180.000,171.230,26.660,
0.304,3.000,9,53,63,1080.000,98.300,180.000,165.410,31.070,
0.304,3.500,0,50,60,1080.000,104.500,180.000,166.490,31.970,
0.304,3.500,1,51,61,1080.000,94.700,180.000,167.420,26.620,
0.304,3.500,2,51,61,1080.000,110.200,180.000,171.860,30.480,
0.304,3.500,3,50,60,1080.000,117.700,180.000,171.950,28.690,
0.304,3.500,4,51,61,1080.000,110.100,180.000,172.270,29.640,
0.304,3.500,5,51,61,1080.000,97.400,180.000,169.080,27.700,
0.304,3.500,6,52,62,1080.000,91.900,180.000,166.590,30.220,
0.304,3.500,7,50,60,1080.000,128.200,180.000,171.000,28.350,
0.304,3.500,8,50,60,1080.000,88.200,180.000,172.810,26.880,
0.304,3.500,9,50,60,1080.000,92.800,180.000,170.700,30.850,
0.304,4.000,0,50,60,1080.000,114.300,180.000,170.420,30.370,
0.304,4.000,1,50,60,1080.000,140.100,180.000,175.300,27.570,
0.304,4.000,2,50,60,1080.000,132.000,180.000,174.920,28.260,
0.304,4.000,3,50,60,1080.000,128.800,180.000,173.600,27.460,
0.304,4.000,4,50,60,1080.000,126.500,180.000,173.730,29.990,
0.304,4.000,5,50,60,1080.000,83.300,180.000,169.920,27.910,
0.304,4.000,6,51,61,1080.000,91.000,180.000,166.020,29.420,
0.304,4.000,7,50,60,1080.000,129.800,180.000,173.470,28.690,
0.304,4.000,8,50,60,1080.000,123.400,180.000,176.240,26.180,
0.304,4.000,9,51,61,1080.000,107.600,180.000,169.040,31.130,
0.304,4.500,0,50,60,1080.000,114.700,180.000,174.350,35.530,
0.304,4.500,1,50,60,1080.000,133.200,180.000,176.430,28.570,
0.304,4.500,2,50,60,1080.000,135.100,180.000,175.510,27.770,
0.304,4.500,3,50,60,1080.000,130.300,180.000,174.500,26.870,
0.304,4.500,4,50,60,1080.000,128.700,180.000,177.070,28.010,
0.304,4.500,5,50,60,1080.000,116.700,180.000,172.550,28.710,
0.304,4.500,6,50,60,1080.000,96.600,180.000,170.500,28.610,
0.304,4.500,7,50,60,1080.000,105.400,180.000,174.500,28.720,
0.304,4.500,8,50,60,1080.000,125.600,180.000,176.660,28.010,
0.304,4.500,9,50,60,1080.000,110.900,180.000,171.450,29.680,
0.304,5.000,0,50,60,1080.000,117.800,180.000,173.570,29.780,
0.304,5.000,1,50,60,1080.000,131.300,180.000,176.540,28.420,
0.304,5.000,2,50,60,1080.000,135.600,180.000,177.240,32.080,
0.304,5.000,3,50,60,1080.000,91.800,180.000,173.490,27.360,
0.304,5.000,4,50,60,1080.000,130.700,180.000,177.190,27.980,
0.304,5.000,5,50,60,1080.000,118.200,180.000,174.850,30.490,
0.304,5.000,6,50,60,1080.000,115.100,180.000,174.660,27.870,
0.304,5.000,7,50,60,1080.000,136.500,180.000,177.770,28.760,
0.304,5.000,8,50,60,1080.000,138.200,180.000,177.640,27.600,
0.304,5.000,9,50,60,1080.000,112.300,180.000,174.260,29.110,
0.304,5.500,0,50,60,1080.000,119.200,180.000,173.770,29.910,
0.304,5.500,1,50,60,1080.000,148.800,180.000,177.930,25.790,
0.304,5.500,2,50,60,1080.000,123.000,180.000,176.290,28.660,
0.304,5.500,3,50,60,1080.000,91.400,180.000,174.480,27.760,
0.304,5.500,4,50,60,1080.000,132.700,180.000,177.310,27.280,
0.304,5.500,5,50,60,1080.000,120.000,180.000,174.510,26.740,
0.304,5.500,6,50,60,1080.000,117.400,180.000,174.420,28.220,
0.304,5.500,7,50,60,1080.000,137.600,180.000,177.630,26.800,
0.304,5.500,8,50,60,1080.000,139.300,180.000,178.180,25.630,
0.304,5.500,9,50,60,1080.000,113.600,180.000,175.000,28.310,
0.304,6.000,0,50,60,1080.000,121.000,180.000,173.980,27.970,
0.304,6.000,1,50,60,1080.000,162.600,180.000,178.460,24.710,
0.304,6.000,2,50,60,1080.000,122.900,180.000,175.510,25.700,
0.304,6.000,3,50,60,1080.000,90.900,180.000,174.870,26.750,
0.304,6.000,4,50,60,1080.000,134.400,180.000,176.550,28.920,
0.304,6.000,5,51,61,1080.000,94.300,180.000,173.400,26.040,
0.304,6.000,6,51,61,1080.000,98.000,180.000,172.210,28.610,
0.304,6.000,7,50,60,1080.000,138.300,180.000,178.450,25.760,
0.304,6.000,8,50,60,1080.000,139.000,180.000,177.480,25.030,
0.304,6.000,9,50,60,1080.000,96.200,180.000,176.200,28.060,
0.304,6.500,0,50,60,1080.000,122.300,180.000,173.720,27.910,
0.304,6.500,1,50,60,1080.000,147.700,180.000,177.750,25.210,
0.304,6.500,2,51,61,1080.000,106.900,180.000,174.390,26.650,
0.304,6.500,3,50,60,1080.000,90.600,180.000,172.750,26.070,
0.304,6.500,4,50,60,1080.000,136.800,180.000,176.910,26.710,
0.304,6.500,5,50,60,1080.000,103.300,180.000,173.580,28.340,
0.304,6.500,6,51,61,1080.000,99.100,180.000,171.650,28.650,
0.304,6.500,7,50,60,1080.000,131.500,180.000,176.610,26.090,
0.304,6.500,8,50,60,1080.000,133.700,180.000,177.300,24.650,
0.304,6.500,9,50,60,1080.000,118.700,180.000,172.970,27.950,
0.304,7.000,0,50,60,1080.000,124.700,180.000,175.490,27.640,
0.304,7.000,1,50,60,1080.000,139.700,180.000,178.410,24.580,
0.304,7.000,2,50,60,1080.000,145.400,180.000,177.790,27.260,
0.304,7.000,3,50,60,1080.000,94.600,180.000,173.870,26.080,
0.304,7.000,4,50,60,1080.000,113.300,180.000,176.040,27.250,
0.304,7.000,5,50,60,1080.000,106.800,180.000,173.440,29.510,
0.304,7.000,6,50,60,1080.000,93.500,180.000,174.440,27.060,
0.304,7.000,7,50,60,1080.000,130.000,180.000,176.620,25.960,
0.304,7.000,8,50,60,1080.000,138.000,180.000,177.250,25.120,
0.304,7.000,9,50,60,1080.000,115.100,180.000,173.620,28.050,
0.314,3.000,0,50,60,1080.000,108.400,180.000,171.240,28.320,
0.314,3.000,1,50,60,1080.000,113.400,180.000,170.040,26.470,
0.314,3.000,2,50,60,1080.000,125.800,180.000,175.310,26.860,
0.314,3.000,3,50,60,1080.000,118.900,180.000,172.450,25.670,
0.314,3.000,4,50,60,1080.000,127.000,180.000,173.840,28.290,
0.314,3.000,5,50,60,1080.000,130.900,180.000,172.500,25.720,
0.314,3.000,6,50,60,1080.000,110.100,180.000,170.520,27.570,
0.314,3.000,7,51,61,1080.000,87.900,180.000,172.950,26.240,
0.314,3.000,8,51,61,1080.000,115.700,180.000,174.230,29.190,
0.314,3.000,9,50,60,1080.000,115.600,180.000,173.100,28.480,
0.314,3.500,0,50,60,1080.000,108.800,180.000,173.880,28.870,
0.314,3.500,1,50,60,1080.000,133.200,180.000,172.790,24.300,
0.314,3.500,2,50,60,1080.000,133.000,180.000,175.940,27.210,
0.314,3.500,3,50,60,1080.000,121.300,180.000,174.540,25.560,
0.314,3.500,4,50,60,1080.000,128.300,180.000,175.170,28.270,
0.314,3.500,5,50,60,1080.000,113.000,180.000,172.850,26.160,
0.314,3.500,6,51,61,1080.000,134.900,180.000,172.180,27.310,
0.314,3.500,7,50,60,1080.000,90.100,180.000,174.390,26.660,
0.314,3.500,8,51,61,1080.000,115.100,180.000,173.920,26.260,
0.314,3.500,9,50,60,1080.000,119.000,180.000,173.610,27.880,
0.314,4.000,0,50,60,1080.000,114.500,180.000,174.910,27.000,
0.314,4.000,1,50,60,1080.000,146.100,180.000,175.910,25.040,
0.314,4.000,2,50,60,1080.000,135.100,180.000,176.210,26.560,
0.314,4.000,3,50,60,1080.000,128.900,180.000,176.410,25.910,
0.314,4.000,4,50,60,1080.000,129.000,180.000,175.630,27.980,
0.314,4.000,5,50,60,1080.000,115.000,180.000,173.740,27.330,
0.314,4.000,6,50,60,1080.000,125.400,180.000,173.560,26.410,
0.314,4.000,7,50,60,1080.000,90.100,180.000,174.230,27.070,
0.314,4.000,8,50,60,1080.000,125.100,180.000,176.290,26.840,
0.314,4.000,9,50,60,1080.000,120.900,180.000,174.260,28.680,
0.314,4.500,0,50,60,1080.000,116.300,180.000,175.830,27.270,
0.314,4.500,1,50,60,1080.000,137.700,180.000,177.190,24.030,
0.314,4.500,2,50,60,1080.000,146.600,180.000,177.340,27.360,
0.314,4.500,3,50,60,1080.000,130.400,180.000,176.260,25.350,
0.314,4.500,4,50,60,1080.000,129.200,180.000,177.160,26.680,
0.314,4.500,5,50,60,1080.000,116.800,180.000,174.210,29.920,
0.314,4.500,6,50,60,1080.000,119.900,180.000,176.050,26.150,
0.314,4.500,7,50,60,1080.000,91.100,180.000,176.420,27.310,
0.314,4.500,8,50,60,1080.000,125.700,180.000,176.750,26.260,
0.314,4.500,9,50,60,1080.000,125.100,180.000,176.920,30.080,
0.314,5.000,0,50,60,1080.000,117.900,180.000,175.450,27.550,
0.314,5.000,1,50,60,1080.000,142.000,180.000,177.530,27.570,
0.314,5.000,2,50,60,1080.000,154.600,180.000,178.060,26.880,
0.314,5.000,3,50,60,1080.000,131.800,180.000,176.810,26.550,
0.314,5.000,4,50,60,1080.000,130.800,180.000,177.630,26.580,
0.314,5.000,5,50,60,1080.000,118.300,180.000,175.940,26.190,
0.314,5.000,6,50,60,1080.000,138.100,180.000,178.140,28.030,
0.314,5.000,7,50,60,1080.000,153.100,180.000,178.970,25.940,
0.314,5.000,8,50,60,1080.000,138.300,180.000,177.620,26.430,
0.314,5.000,9,50,60,1080.000,125.100,180.000,177.590,27.880,
0.314,5.500,0,50,60,1080.000,119.400,180.000,176.720,27.420,
0.314,5.500,1,50,60,1080.000,156.900,180.000,178.650,25.580,
0.314,5.500,2,50,60,1080.000,147.700,180.000,177.780,27.980,
0.314,5.500,3,50,60,1080.000,133.100,180.000,177.390,26.880,
0.314,5.500,4,50,60,1080.000,132.800,180.000,177.940,26.740,
0.314,5.500,5,50,60,1080.000,150.800,180.000,177.230,26.020,
0.314,5.500,6,50,60,1080.000,139.800,180.000,178.250,27.550,
0.314,5.500,7,50,60,1080.000,153.900,180.000,179.030,25.830,
0.314,5.500,8,50,60,1080.000,139.500,180.000,177.770,26.160,
0.314,5.500,9,50,60,1080.000,118.500,180.000,175.750,27.850,
0.314,6.000,0,50,60,1080.000,121.100,180.000,176.720,27.140,
0.314,6.000,1,50,60,1080.000,142.500,180.000,178.200,24.800,
0.314,6.000,2,50,60,1080.000,148.600,180.000,178.330,27.060,
0.314,6.000,3,50,60,1080.000,93.900,180.000,175.250,26.010,
0.314,6.000,4,50,60,1080.000,134.500,180.000,178.010,26.980,
0.314,6.000,5,50,60,1080.000,145.100,180.000,176.570,26.230,
0.314,6.000,6,50,60,1080.000,141.200,180.000,177.930,28.080,
0.314,6.000,7,50,60,1080.000,138.400,180.000,178.830,25.730,
0.314,6.000,8,50,60,1080.000,139.900,180.000,177.710,26.480,
0.314,6.000,9,50,60,1080.000,114.100,180.000,174.900,27.770,
0.314,6.500,0,50,60,1080.000,122.700,180.000,176.800,27.770,
0.314,6.500,1,50,60,1080.000,139.700,180.000,177.940,25.300,
0.314,6.500,2,50,60,1080.000,148.500,180.000,177.720,27.280,
0.314,6.500,3,50,60,1080.000,93.500,180.000,175.100,25.740,
0.314,6.500,4,50,60,1080.000,136.900,180.000,177.650,27.190,
0.314,6.500,5,50,60,1080.000,145.100,180.000,176.810,26.090,
0.314,6.500,6,50,60,1080.000,145.100,180.000,177.870,28.080,
0.314,6.500,7,50,60,1080.000,135.800,180.000,178.320,26.120,
0.314,6.500,8,50,60,1080.000,133.800,180.000,177.510,24.900,
0.314,6.500,9,50,60,1080.000,113.600,180.000,175.100,27.640,
0.314,7.000,0,50,60,1080.000,125.000,180.000,177.810,27.260,
0.314,7.000,1,50,60,1080.000,140.900,180.000,178.760,24.800,
0.314,7.000,2,50,60,1080.000,148.800,180.000,177.390,27.010,
0.314,7.000,3,50,60,1080.000,94.700,180.000,175.200,26.120,
0.314,7.000,4,50,60,1080.000,140.100,180.000,178.270,26.810,
0.314,7.000,5,50,60,1080.000,113.900,180.000,175.220,26.650,
0.314,7.000,6,50,60,1080.000,140.400,180.000,177.850,27.850,
0.314,7.000,7,50,60,1080.000,135.000,180.000,176.890,25.910,
0.314,7.000,8,50,60,1080.000,138.100,180.000,177.630,25.080,
0.314,7.000,9,50,60,1080.000,109.100,180.000,175.750,28.140,
0.325,3.000,0,50,60,1080.000,112.100,180.000,175.230,28.240,
0.325,3.000,1,50,60,1080.000,116.900,180.000,173.680,23.890,
0.325,3.000,2,50,60,1080.000,132.900,180.000,178.430,28.050,
0.325,3.000,3,50,60,1080.000,124.900,180.000,175.900,25.880,
0.325,3.000,4,50,60,1080.000,131.000,180.000,176.420,27.090,
0.325,3.000,5,50,60,1080.000,94.700,180.000,170.960,26.530,
0.325,3.000,6,50,60,1080.000,116.400,180.000,175.220,27.570,
0.325,3.000,7,50,60,1080.000,124.300,180.000,175.970,26.330,
0.325,3.000,8,51,61,1080.000,104.900,180.000,174.860,28.050,
0.325,3.000,9,50,60,1080.000,118.200,180.000,174.950,27.500,
0.325,3.500,0,50,60,1080.000,114.500,180.000,175.890,27.810,
0.325,3.500,1,50,60,1080.000,133.300,180.000,173.760,24.270,
0.325,3.500,2,50,60,1080.000,135.200,180.000,178.080,27.660,
0.325,3.500,3,50,60,1080.000,125.100,180.000,176.590,25.600,
0.325,3.500,4,50,60,1080.000,132.300,180.000,176.760,27.150,
0.325,3.500,5,50,60,1080.000,86.300,180.000,174.100,26.420,
0.325,3.500,6,50,60,1080.000,117.300,180.000,175.160,28.070,
0.325,3.500,7,50,60,1080.000,144.300,180.000,176.910,26.820,
0.325,3.500,8,50,60,1080.000,136.800,180.000,178.320,28.830,
0.325,3.500,9,50,60,1080.000,115.100,180.000,174.900,27.620,
0.325,4.000,0,50,60,1080.000,117.800,180.000,176.860,27.510,
0.325,4.000,1,50,60,1080.000,151.700,180.000,177.230,27.130,
0.325,4.000,2,50,60,1080.000,173.100,180.000,179.820,28.330,
0.325,4.000,3,50,60,1080.000,129.000,180.000,177.590,25.760,
0.325,4.000,4,50,60,1080.000,133.000,180.000,177.480,27.070,
0.325,4.000,5,50,60,1080.000,121.600,180.000,174.910,29.200,
0.325,4.000,6,50,60,1080.000,119.300,180.000,175.310,28.080,
0.325,4.000,7,50,60,1080.000,146.800,180.000,178.110,25.940,
0.325,4.000,8,50,60,1080.000,135.300,180.000,178.540,29.640,
0.325,4.000,9,50,60,1080.000,125.100,180.000,177.030,28.270,
0.325,4.500,0,50,60,1080.000,119.400,180.000,178.000,26.570,
0.325,4.500,1,50,60,1080.000,160.700,180.000,178.600,27.310,
0.325,4.500,2,50,60,1080.000,174.500,180.000,179.870,27.640,
0.325,4.500,3,50,60,1080.000,130.500,180.000,177.910,25.820,
0.325,4.500,4,50,60,1080.000,133.300,180.000,177.960,26.820,
0.325,4.500,5,50,60,1080.000,120.100,180.000,174.930,27.650,
0.325,4.500,6,50,60,1080.000,136.500,180.000,177.970,27.640,
0.325,4.500,7,50,60,1080.000,160.900,180.000,178.480,25.610,
0.325,4.500,8,50,60,1080.000,134.700,180.000,178.420,29.130,
0.325,4.500,9,50,60,1080.000,127.800,180.000,176.900,28.150,
0.325,5.000,0,50,60,1080.000,121.600,180.000,176.450,29.400,
0.325,5.000,1,50,60,1080.000,160.600,180.000,179.020,25.170,
0.325,5.000,2,50,60,1080.000,174.300,180.000,179.790,27.730,
0.325,5.000,3,50,60,1080.000,131.900,180.000,178.010,25.620,
0.325,5.000,4,50,60,1080.000,133.200,180.000,178.140,26.860,
0.325,5.000,5,50,60,1080.000,118.300,180.000,175.740,27.120,
0.325,5.000,6,50,60,1080.000,150.500,180.000,178.830,27.630,
0.325,5.000,7,50,60,1080.000,162.300,180.000,179.510,25.840,
0.325,5.000,8,50,60,1080.000,138.500,180.000,178.670,28.820,
0.325,5.000,9,50,60,1080.000,135.700,180.000,178.150,26.860,
0.325,5.500,0,50,60,1080.000,124.700,180.000,178.290,27.240,
0.325,5.500,1,50,60,1080.000,161.900,180.000,178.990,24.840,
0.325,5.500,2,50,60,1080.000,173.900,180.000,179.820,28.050,
0.325,5.500,3,50,60,1080.000,133.200,180.000,178.100,25.780,
0.325,5.500,4,50,60,1080.000,132.900,180.000,178.160,26.620,
0.325,5.500,5,50,60,1080.000,121.400,180.000,176.800,28.720,
0.325,5.500,6,50,60,1080.000,151.800,180.000,179.180,27.720,
0.325,5.500,7,50,60,1080.000,163.600,180.000,179.670,26.130,
0.325,5.500,8,50,60,1080.000,139.600,180.000,178.700,29.370,
0.325,5.500,9,50,60,1080.000,137.800,180.000,178.240,27.380,
0.325,6.000,0,50,60,1080.000,125.200,180.000,177.230,26.800,
0.325,6.000,1,50,60,1080.000,142.600,180.000,178.500,24.680,
0.325,6.000,2,50,60,1080.000,160.100,180.000,179.580,28.160,
0.325,6.000,3,50,60,1080.000,134.300,180.000,177.670,25.630,
0.325,6.000,4,50,60,1080.000,134.600,180.000,178.240,26.780,
0.325,6.000,5,50,60,1080.000,122.300,180.000,176.020,29.310,
0.325,6.000,6,50,60,1080.000,153.200,180.000,178.600,27.730,
0.325,6.000,7,50,60,1080.000,166.500,180.000,179.730,26.050,
0.325,6.000,8,50,60,1080.000,140.200,180.000,178.740,29.280,
0.325,6.000,9,50,60,1080.000,136.600,180.000,178.540,27.990,
0.325,6.500,0,50,60,1080.000,125.600,180.000,176.890,27.280,
0.325,6.500,1,50,60,1080.000,139.800,180.000,178.130,24.960,
0.325,6.500,2,50,60,1080.000,158.100,180.000,179.560,27.510,
0.325,6.500,3,50,60,1080.000,122.700,180.000,177.270,25.560,
0.325,6.500,4,50,60,1080.000,137.000,180.000,178.380,26.600,
0.325,6.500,5,50,60,1080.000,109.800,180.000,175.880,28.440,
0.325,6.500,6,50,60,1080.000,147.300,180.000,178.360,28.140,
0.325,6.500,7,50,60,1080.000,170.500,180.000,179.810,25.930,
0.325,6.500,8,50,60,1080.000,134.000,180.000,178.510,28.940,
0.325,6.500,9,50,60,1080.000,130.100,180.000,177.320,27.700,
0.325,7.000,0,50,60,1080.000,126.000,180.000,177.980,27.120,
0.325,7.000,1,50,60,1080.000,142.700,180.000,178.830,25.120,
0.325,7.000,2,50,60,1080.000,157.100,180.000,179.540,27.770,
0.325,7.000,3,50,60,1080.000,121.700,180.000,177.270,26.040,
0.325,7.000,4,50,60,1080.000,140.300,180.000,178.500,26.390,
0.325,7.000,5,50,60,1080.000,131.300,180.000,177.310,26.570,
0.325,7.000,6,50,60,1080.000,146.300,180.000,178.630,27.740,
0.325,7.000,7,50,60,1080.000,172.900,180.000,179.850,25.860,
0.325,7.000,8,50,60,1080.000,138.300,180.000,178.600,29.250,
0.325,7.000,9,50,60,1080.000,128.600,180.000,177.970,28.930,
0.336,3.000,0,50,60,1080.000,118.100,180.000,176.580,27.070,
0.336,3.000,1,50,60,1080.000,120.100,180.000,174.550,24.000,
0.336,3.000,2,50,60,1080.000,135.100,180.000,178.560,28.570,
0.336,3.000,3,50,60,1080.000,125.300,180.000,176.090,25.230,
0.336,3.000,4,50,60,1080.000,134.800,180.000,177.520,27.130,
0.336,3.000,5,50,60,1080.000,135.100,180.000,175.190,26.640,
0.336,3.000,6,50,60,1080.000,139.400,180.000,176.530,27.580,
0.336,3.000,7,50,60,1080.000,146.300,180.000,177.660,27.020,
0.336,3.000,8,50,60,1080.000,148.900,180.000,177.690,28.110,
0.336,3.000,9,50,60,1080.000,129.100,180.000,175.220,27.240,
0.336,3.500,0,50,60,1080.000,126.200,180.000,177.770,27.660,
0.336,3.500,1,50,60,1080.000,133.500,180.000,175.260,24.210,
0.336,3.500,2,50,60,1080.000,171.500,180.000,179.830,27.920,
0.336,3.500,3,50,60,1080.000,126.000,180.000,176.380,25.750,
0.336,3.500,4,50,60,1080.000,136.700,180.000,178.120,26.760,
0.336,3.500,5,50,60,1080.000,114.900,180.000,175.040,27.200,
0.336,3.500,6,50,60,1080.000,122.700,180.000,175.800,28.230,
0.336,3.500,7,50,60,1080.000,147.900,180.000,177.840,26.110,
0.336,3.500,8,50,60,1080.000,150.500,180.000,178.710,29.280,
0.336,3.500,9,50,60,1080.000,135.400,180.000,176.550,26.920,
0.336,4.000,0,50,60,1080.000,126.900,180.000,178.650,28.570,
0.336,4.000,1,50,60,1080.000,154.800,180.000,177.970,25.000,
0.336,4.000,2,50,60,1080.000,173.300,180.000,179.870,27.970,
0.336,4.000,3,50,60,1080.000,129.100,180.000,177.230,25.790,
0.336,4.000,4,50,60,1080.000,152.600,180.000,178.650,27.160,
0.336,4.000,5,50,60,1080.000,123.700,180.000,175.750,28.620,
0.336,4.000,6,50,60,1080.000,150.100,180.000,178.110,28.070,
0.336,4.000,7,50,60,1080.000,151.900,180.000,178.080,25.730,
0.336,4.000,8,50,60,1080.000,156.200,180.000,179.020,29.480,
0.336,4.000,9,50,60,1080.000,145.500,180.000,178.480,27.550,
0.336,4.500,0,50,60,1080.000,127.600,180.000,178.700,29.930,
0.336,4.500,1,50,60,1080.000,158.400,180.000,178.740,25.700,
0.336,4.500,2,50,60,1080.000,174.600,180.000,179.890,29.530,
0.336,4.500,3,50,60,1080.000,130.600,180.000,177.970,27.490,
0.336,4.500,4,50,60,1080.000,157.900,180.000,178.910,31.120,
0.336,4.500,5,50,60,1080.000,124.000,180.000,175.900,32.940,
0.336,4.500,6,50,60,1080.000,163.500,180.000,179.090,30.810,
0.336,4.500,7,50,60,1080.000,161.000,180.000,178.870,28.980,
0.336,4.500,8,50,60,1080.000,137.900,180.000,178.690,31.960,
0.336,4.500,9,50,60,1080.000,146.800,180.000,178.960,29.760,
0.336,5.000,0,50,60,1080.000,128.200,180.000,178.740,29.950,
0.336,5.000,1,50,60,1080.000,160.700,180.000,179.060,25.500,
0.336,5.000,2,50,60,1080.000,176.100,180.000,179.920,27.810,
0.336,5.000,3,50,60,1080.000,132.000,180.000,178.070,25.610,
0.336,5.000,4,50,60,1080.000,158.900,180.000,178.970,27.490,
0.336,5.000,5,50,60,1080.000,122.400,180.000,176.750,28.960,
0.336,5.000,6,50,60,1080.000,166.400,180.000,179.540,27.570,
0.336,5.000,7,50,60,1080.000,162.400,180.000,179.520,26.420,
0.336,5.000,8,50,60,1080.000,138.600,180.000,178.870,28.760,
0.336,5.000,9,50,60,1080.000,163.000,180.000,179.560,26.810,
0.336,5.500,0,50,60,1080.000,128.700,180.000,178.480,26.890,
0.336,5.500,1,50,60,1080.000,162.000,180.000,179.300,25.200,
0.336,5.500,2,50,60,1080.000,180.000,180.000,180.000,28.110,
0.336,5.500,3,50,60,1080.000,133.300,180.000,178.160,26.140,
0.336,5.500,4,50,60,1080.000,163.900,180.000,179.420,27.570,
0.336,5.500,5,50,60,1080.000,121.500,180.000,177.470,28.160,
0.336,5.500,6,50,60,1080.000,154.600,180.000,179.490,27.980,
0.336,5.500,7,50,60,1080.000,163.800,180.000,179.680,26.290,
0.336,5.500,8,50,60,1080.000,139.800,180.000,178.900,29.450,
0.336,5.500,9,50,60,1080.000,164.300,180.000,179.590,27.220,
0.336,6.000,0,50,60,1080.000,129.200,180.000,178.440,26.950,
0.336,6.000,1,50,60,1080.000,163.200,180.000,179.340,24.480,
0.336,6.000,2,50,60,1080.000,180.000,180.000,180.000,27.870,
0.336,6.000,3,50,60,1080.000,134.400,180.000,177.780,25.400,
0.336,6.000,4,50,60,1080.000,166.200,180.000,179.470,27.700,
0.336,6.000,5,50,60,1080.000,122.700,180.000,177.740,28.660,
0.336,6.000,6,50,60,1080.000,154.600,180.000,179.490,27.640,
0.336,6.000,7,50,60,1080.000,166.800,180.000,179.740,25.760,
0.336,6.000,8,50,60,1080.000,140.400,180.000,178.910,29.060,
0.336,6.000,9,50,60,1080.000,140.200,180.000,179.110,27.250,
0.336,6.500,0,50,60,1080.000,129.600,180.000,178.440,27.270,
0.336,6.500,1,50,60,1080.000,164.100,180.000,178.990,25.540,
0.336,6.500,2,50,60,1080.000,177.900,180.000,179.960,27.390,
0.336,6.500,3,50,60,1080.000,137.600,180.000,177.870,25.290,
0.336,6.500,4,50,60,1080.000,137.000,180.000,178.730,26.900,
0.336,6.500,5,50,60,1080.000,126.000,180.000,177.210,28.180,
0.336,6.500,6,50,60,1080.000,128.500,180.000,178.460,27.810,
0.336,6.500,7,50,60,1080.000,170.600,180.000,179.810,26.450,
0.336,6.500,8,50,60,1080.000,134.300,180.000,178.780,29.060,
0.336,6.500,9,50,60,1080.000,139.300,180.000,178.910,27.030,
0.336,7.000,0,50,60,1080.000,130.100,180.000,178.440,28.200,
0.336,7.000,1,50,60,1080.000,157.600,180.000,179.140,25.570,
0.336,7.000,2,50,60,1080.000,177.000,180.000,179.940,30.610,
0.336,7.000,3,50,60,1080.000,141.000,180.000,177.950,28.280,
0.336,7.000,4,50,60,1080.000,168.000,180.000,179.620,30.320,
0.336,7.000,5,50,60,1080.000,129.100,180.000,177.360,32.030,
0.336,7.000,6,50,60,1080.000,154.300,180.000,179.490,30.770,
0.336,7.000,7,50,60,1080.000,173.000,180.000,179.860,29.390,
0.336,7.000,8,50,60,1080.000,138.400,180.000,178.850,31.430,
0.336,7.000,9,50,60,1080.000,138.200,180.000,179.160,29.550,
0.346,3.000,0,50,60,1080.000,129.500,180.000,178.580,28.610,
0.346,3.000,1,50,60,1080.000,136.800,180.000,177.850,28.650,
0.346,3.000,2,50,60,1080.000,174.100,180.000,179.880,28.490,
0.346,3.000,3,50,60,1080.000,129.100,180.000,176.020,25.900,
0.346,3.000,4,50,60,1080.000,147.300,180.000,178.750,27.230,
0.346,3.000,5,50,60,1080.000,116.400,180.000,175.410,27.590,
0.346,3.000,6,50,60,1080.000,137.300,180.000,177.700,27.930,
0.346,3.000,7,50,60,1080.000,146.500,180.000,177.760,25.660,
0.346,3.000,8,50,60,1080.000,160.600,180.000,179.460,28.970,
0.346,3.000,9,50,60,1080.000,129.400,180.000,175.890,27.340,
0.346,3.500,0,50,60,1080.000,130.200,180.000,178.770,29.260,
0.346,3.500,1,50,60,1080.000,155.000,180.000,178.060,25.060,
0.346,3.500,2,50,60,1080.000,180.000,180.000,180.000,27.910,
0.346,3.500,3,50,60,1080.000,130.100,180.000,177.110,25.480,
0.346,3.500,4,50,60,1080.000,155.900,180.000,179.420,27.530,
0.346,3.500,5,50,60,1080.000,114.600,180.000,175.870,28.410,
0.346,3.500,6,50,60,1080.000,151.900,180.000,178.350,27.930,
0.346,3.500,7,50,60,1080.000,156.700,180.000,178.890,26.100,
0.346,3.500,8,50,60,1080.000,161.600,180.000,179.110,29.190,
0.346,3.500,9,50,60,1080.000,144.700,180.000,177.510,27.060,
0.346,4.000,0,50,60,1080.000,130.700,180.000,178.810,28.600,
0.346,4.000,1,50,60,1080.000,159.400,180.000,178.490,25.070,
0.346,4.000,2,50,60,1080.000,180.000,180.000,180.000,27.950,
0.346,4.000,3,50,60,1080.000,130.100,180.000,177.860,25.940,
0.346,4.000,4,50,60,1080.000,160.200,180.000,179.510,27.260,
0.346,4.000,5,50,60,1080.000,137.600,180.000,176.750,28.670,
0.346,4.000,6,50,60,1080.000,161.600,180.000,179.310,27.930,
0.346,4.000,7,50,60,1080.000,159.600,180.000,179.140,25.840,
0.346,4.000,8,50,60,1080.000,159.800,180.000,179.170,29.860,
0.346,4.000,9,50,60,1080.000,145.700,180.000,178.770,27.800,
0.346,4.500,0,50,60,1080.000,131.200,180.000,178.830,28.690,
0.346,4.500,1,50,60,1080.000,162.400,180.000,178.950,24.900,
0.346,4.500,2,50,60,1080.000,180.000,180.000,180.000,28.140,
0.346,4.500,3,50,60,1080.000,130.700,180.000,178.030,25.520,
0.346,4.500,4,50,60,1080.000,161.800,180.000,179.540,27.530,
0.346,4.500,5,50,60,1080.000,135.100,180.000,177.560,28.870,
0.346,4.500,6,50,60,1080.000,163.600,180.000,179.450,27.550,
0.346,4.500,7,50,60,1080.000,161.100,180.000,179.260,25.640,
0.346,4.500,8,50,60,1080.000,158.100,180.000,179.160,29.030,
0.346,4.500,9,50,60,1080.000,161.500,180.000,179.630,27.770,
0.346,5.000,0,50,60,1080.000,131.700,180.000,178.850,29.100,
0.346,5.000,1,50,60,1080.000,169.500,180.000,179.590,25.140,
0.346,5.000,2,50,60,1080.000,180.000,180.000,180.000,27.740,
0.346,5.000,3,50,60,1080.000,132.000,180.000,178.130,25.480,
0.346,5.000,4,50,60,1080.000,175.100,180.000,179.900,26.670,
0.346,5.000,5,50,60,1080.000,147.600,180.000,178.200,29.020,
0.346,5.000,6,50,60,1080.000,170.600,180.000,179.810,28.010,
0.346,5.000,7,50,60,1080.000,162.500,180.000,179.520,25.810,
0.346,5.000,8,50,60,1080.000,159.100,180.000,179.340,29.290,
0.346,5.000,9,50,60,1080.000,163.100,180.000,179.660,27.320,
0.346,5.500,0,50,60,1080.000,132.100,180.000,178.870,28.820,
0.346,5.500,1,50,60,1080.000,169.300,180.000,179.590,24.930,
0.346,5.500,2,50,60,1080.000,180.000,180.000,180.000,27.370,
0.346,5.500,3,50,60,1080.000,133.400,180.000,178.450,25.760,
0.346,5.500,4,50,60,1080.000,164.000,180.000,179.580,27.440,
0.346,5.500,5,50,60,1080.000,123.800,180.000,178.000,29.110,
0.346,5.500,6,50,60,1080.000,171.200,180.000,179.820,28.050,
0.346,5.500,7,50,60,1080.000,164.000,180.000,179.680,25.590,
0.346,5.500,8,50,60,1080.000,159.600,180.000,179.340,29.340,
0.346,5.500,9,50,60,1080.000,164.400,180.000,179.690,27.290,
0.346,6.000,0,50,60,1080.000,132.700,180.000,178.900,29.020,
0.346,6.000,1,50,60,1080.000,170.100,180.000,179.600,24.670,
0.346,6.000,2,50,60,1080.000,180.000,180.000,180.000,27.530,
0.346,6.000,3,50,60,1080.000,134.600,180.000,178.500,25.850,
0.346,6.000,4,50,60,1080.000,166.500,180.000,179.630,27.250,
0.346,6.000,5,50,60,1080.000,122.900,180.000,178.400,28.700,
0.346,6.000,6,50,60,1080.000,164.100,180.000,179.680,27.680,
0.346,6.000,7,50,60,1080.000,167.100,180.000,179.740,25.960,
0.346,6.000,8,50,60,1080.000,144.400,180.000,179.010,28.840,
0.346,6.000,9,50,60,1080.000,165.600,180.000,179.710,27.410,
0.346,6.500,0,50,60,1080.000,174.200,180.000,179.880,29.420,
0.346,6.500,1,50,60,1080.000,170.100,180.000,179.520,25.210,
0.346,6.500,2,50,60,1080.000,180.000,180.000,180.000,28.070,
0.346,6.500,3,50,60,1080.000,137.900,180.000,178.540,25.550,
0.346,6.500,4,50,60,1080.000,172.000,180.000,179.740,27.690,
0.346,6.500,5,50,60,1080.000,126.100,180.000,177.550,28.270,
0.346,6.500,6,50,60,1080.000,163.800,180.000,179.680,28.230,
0.346,6.500,7,50,60,1080.000,170.800,180.000,179.820,25.780,
0.346,6.500,8,50,60,1080.000,137.400,180.000,178.860,28.810,
0.346,6.500,9,50,60,1080.000,167.100,180.000,179.740,27.610,
0.346,7.000,0,50,60,1080.000,177.700,180.000,179.950,29.970,
0.346,7.000,1,50,60,1080.000,170.100,180.000,179.570,24.720,
0.346,7.000,2,50,60,1080.000,180.000,180.000,180.000,27.920,
0.346,7.000,3,50,60,1080.000,141.100,180.000,178.620,25.990,
0.346,7.000,4,50,60,1080.000,173.300,180.000,179.770,27.770,
0.346,7.000,5,50,60,1080.000,129.200,180.000,177.370,29.410,
0.346,7.000,6,50,60,1080.000,163.500,180.000,179.670,27.930,
0.346,7.000,7,50,60,1080.000,173.100,180.000,179.860,26.320,
0.346,7.000,8,50,60,1080.000,138.600,180.000,178.880,29.710,
0.346,7.000,9,50,60,1080.000,147.600,180.000,179.350,27.490,
0.357,3.000,0,50,60,1080.000,169.400,180.000,179.610,29.050,
0.357,3.000,1,50,60,1080.000,160.100,180.000,178.710,24.640,
0.357,3.000,2,50,60,1080.000,180.000,180.000,180.000,27.390,
0.357,3.000,3,50,60,1080.000,154.200,180.000,178.560,25.940,
0.357,3.000,4,50,60,1080.000,155.100,180.000,178.940,26.690,
0.357,3.000,5,50,60,1080.000,146.400,180.000,177.490,28.590,
0.357,3.000,6,50,60,1080.000,155.100,180.000,179.270,28.000,
0.357,3.000,7,50,60,1080.000,160.100,180.000,178.950,25.830,
0.357,3.000,8,50,60,1080.000,165.100,180.000,179.650,29.150,
0.357,3.000,9,50,60,1080.000,132.400,180.000,176.960,27.250,
0.357,3.500,0,50,60,1080.000,170.100,180.000,179.670,29.190,
0.357,3.500,1,50,60,1080.000,161.300,180.000,179.250,24.400,
0.357,3.500,2,50,60,1080.000,180.000,180.000,180.000,27.920,
0.357,3.500,3,50,60,1080.000,155.100,180.000,178.970,26.200,
0.357,3.500,4,50,60,1080.000,160.100,180.000,179.530,28.930,
0.357,3.500,5,50,60,1080.000,141.400,180.000,177.900,28.190,
0.357,3.500,6,50,60,1080.000,155.700,180.000,178.980,27.480,
0.357,3.500,7,50,60,1080.000,160.100,180.000,179.360,25.570,
0.357,3.500,8,50,60,1080.000,165.100,180.000,179.610,29.740,
0.357,3.500,9,50,60,1080.000,150.100,180.000,178.840,27.780,
0.357,4.000,0,50,60,1080.000,176.200,180.000,179.880,29.510,
0.357,4.000,1,50,60,1080.000,164.400,180.000,179.490,24.290,
0.357,4.000,2,50,60,1080.000,180.000,180.000,180.000,27.470,
0.357,4.000,3,50,60,1080.000,155.100,180.000,179.060,25.300,
0.357,4.000,4,50,60,1080.000,161.100,180.000,179.620,28.290,
0.357,4.000,5,50,60,1080.000,151.900,180.000,177.920,29.070,
0.357,4.000,6,50,60,1080.000,163.000,180.000,179.430,27.660,
0.357,4.000,7,50,60,1080.000,160.100,180.000,179.460,25.830,
0.357,4.000,8,50,60,1080.000,169.800,180.000,179.530,29.200,
0.357,4.000,9,50,60,1080.000,150.400,180.000,178.930,27.720,
0.357,4.500,0,50,60,1080.000,178.500,180.000,179.960,29.810,
0.357,4.500,1,50,60,1080.000,165.800,180.000,179.700,24.740,
0.357,4.500,2,50,60,1080.000,180.000,180.000,180.000,27.640,
0.357,4.500,3,50,60,1080.000,155.400,180.000,179.360,26.120,
0.357,4.500,4,50,60,1080.000,161.900,180.000,179.640,28.230,
0.357,4.500,5,50,60,1080.000,154.800,180.000,178.810,28.850,
0.357,4.500,6,50,60,1080.000,163.700,180.000,179.460,27.840,
0.357,4.500,7,50,60,1080.000,161.200,180.000,179.470,26.020,
0.357,4.500,8,50,60,1080.000,171.500,180.000,179.620,28.960,
0.357,4.500,9,50,60,1080.000,161.500,180.000,179.630,27.630,
0.357,5.000,0,50,60,1080.000,179.400,180.000,179.990,28.960,
0.357,5.000,1,50,60,1080.000,179.300,180.000,179.990,24.130,
0.357,5.000,2,50,60,1080.000,180.000,180.000,180.000,27.950,
0.357,5.000,3,50,60,1080.000,156.100,180.000,179.410,25.890,
0.357,5.000,4,50,60,1080.000,180.000,180.000,180.000,27.320,
0.357,5.000,5,50,60,1080.000,156.500,180.000,179.010,28.710,
0.357,5.000,6,50,60,1080.000,180.000,180.000,180.000,27.310,
0.357,5.000,7,50,60,1080.000,162.600,180.000,179.520,25.520,
0.357,5.000,8,50,60,1080.000,172.000,180.000,179.820,27.550,
0.357,5.000,9,50,60,1080.000,163.100,180.000,179.660,27.560,
0.357,5.500,0,50,60,1080.000,180.000,180.000,180.000,29.500,
0.357,5.500,1,50,60,1080.000,173.800,180.000,179.880,24.200,
0.357,5.500,2,50,60,1080.000,180.000,180.000,180.000,27.470,
0.357,5.500,3,50,60,1080.000,158.900,180.000,179.490,25.540,
0.357,5.500,4,50,60,1080.000,164.100,180.000,179.680,28.430,
0.357,5.500,5,50,60,1080.000,150.100,180.000,178.530,28.950,
0.357,5.500,6,50,60,1080.000,180.000,180.000,180.000,27.430,
0.357,5.500,7,50,60,1080.000,173.300,180.000,179.870,26.340,
0.357,5.500,8,50,60,1080.000,171.400,180.000,179.830,27.200,
0.357,5.500,9,50,60,1080.000,164.500,180.000,179.690,27.290,
0.357,6.000,0,50,60,1080.000,180.000,180.000,180.000,29.740,
0.357,6.000,1,50,60,1080.000,174.200,180.000,179.880,24.600,
0.357,6.000,2,50,60,1080.000,180.000,180.000,180.000,27.500,
0.357,6.000,3,50,60,1080.000,159.000,180.000,179.530,25.820,
0.357,6.000,4,50,60,1080.000,166.800,180.000,179.740,28.340,
0.357,6.000,5,50,60,1080.000,149.100,180.000,178.930,28.320,
0.357,6.000,6,50,60,1080.000,167.300,180.000,179.750,28.010,
0.357,6.000,7,50,60,1080.000,167.700,180.000,179.750,26.180,
0.357,6.000,8,50,60,1080.000,158.900,180.000,179.390,28.650,
0.357,6.000,9,50,60,1080.000,165.700,180.000,179.710,27.790,
0.357,6.500,0,50,60,1080.000,180.000,180.000,180.000,29.770,
0.357,6.500,1,50,60,1080.000,174.400,180.000,179.890,24.480,
0.357,6.500,2,50,60,1080.000,180.000,180.000,180.000,28.310,
0.357,6.500,3,50,60,1080.000,138.200,180.000,178.730,26.050,
0.357,6.500,4,50,60,1080.000,172.300,180.000,179.850,28.440,
0.357,6.500,5,50,60,1080.000,135.100,180.000,178.240,29.440,
0.357,6.500,6,50,60,1080.000,166.900,180.000,179.740,27.700,
0.357,6.500,7,50,60,1080.000,171.000,180.000,179.820,25.600,
0.357,6.500,8,50,60,1080.000,157.700,180.000,179.360,29.260,
0.357,6.500,9,50,60,1080.000,167.200,180.000,179.740,27.570,
0.357,7.000,0,50,60,1080.000,180.000,180.000,180.000,29.240,
0.357,7.000,1,50,60,1080.000,174.500,180.000,179.790,24.890,
0.357,7.000,2,50,60,1080.000,180.000,180.000,180.000,27.320,
0.357,7.000,3,50,60,1080.000,141.200,180.000,178.800,25.640,
0.357,7.000,4,50,60,1080.000,173.500,180.000,179.870,28.570,
0.357,7.000,5,50,60,1080.000,146.800,180.000,178.700,29.030,
0.357,7.000,6,50,60,1080.000,166.600,180.000,179.730,28.060,
0.357,7.000,7,50,60,1080.000,173.200,180.000,179.860,25.840,
0.357,7.000,8,50,60,1080.000,151.200,180.000,179.220,28.720,
0.357,7.000,9,50,60,1080.000,169.600,180.000,179.790,27.350,
0.368,3.000,0,50,60,1080.000,170.100,180.000,179.800,29.570,
0.368,3.000,1,50,60,1080.000,162.900,180.000,179.520,24.610,
0.368,3.000,2,50,60,1080.000,180.000,180.000,180.000,28.090,
0.368,3.000,3,50,60,1080.000,157.000,180.000,179.050,25.370,
0.368,3.000,4,50,60,1080.000,158.800,180.000,179.250,26.860,
0.368,3.000,5,50,60,1080.000,146.800,180.000,177.540,27.980,
0.368,3.000,6,50,60,1080.000,165.900,180.000,179.720,28.110,
0.368,3.000,7,50,60,1080.000,168.600,180.000,179.740,25.980,
0.368,3.000,8,50,60,1080.000,170.100,180.000,179.800,27.600,
0.368,3.000,9,50,60,1080.000,145.300,180.000,177.780,27.380,
0.368,3.500,0,50,60,1080.000,172.800,180.000,179.860,29.190,
0.368,3.500,1,50,60,1080.000,165.100,180.000,179.620,24.490,
0.368,3.500,2,50,60,1080.000,180.000,180.000,180.000,28.120,
0.368,3.500,3,50,60,1080.000,165.100,180.000,179.600,28.480,
0.368,3.500,4,50,60,1080.000,165.000,180.000,179.700,28.270,
0.368,3.500,5,50,60,1080.000,145.100,180.000,177.860,28.680,
0.368,3.500,6,50,60,1080.000,166.100,180.000,179.720,27.740,
0.368,3.500,7,50,60,1080.000,169.000,180.000,179.770,25.920,
0.368,3.500,8,50,60,1080.000,170.100,180.000,179.800,28.400,
0.368,3.500,9,50,60,1080.000,163.100,180.000,179.470,27.860,
0.368,4.000,0,50,60,1080.000,178.100,180.000,179.960,29.620,
0.368,4.000,1,50,60,1080.000,180.000,180.000,180.000,24.850,
0.368,4.000,2,50,60,1080.000,180.000,180.000,180.000,27.510,
0.368,4.000,3,50,60,1080.000,175.100,180.000,179.900,28.550,
0.368,4.000,4,50,60,1080.000,167.200,180.000,179.740,28.540,
0.368,4.000,5,50,60,1080.000,152.000,180.000,178.360,29.010,
0.368,4.000,6,50,60,1080.000,179.700,180.000,179.990,27.970,
0.368,4.000,7,50,60,1080.000,169.200,180.000,179.780,25.740,
0.368,4.000,8,50,60,1080.000,170.200,180.000,179.800,27.850,
0.368,4.000,9,50,60,1080.000,163.300,180.000,179.670,27.210,
0.368,4.500,0,50,60,1080.000,179.900,180.000,180.000,29.880,
0.368,4.500,1,50,60,1080.000,180.000,180.000,180.000,24.440,
0.368,4.500,2,50,60,1080.000,180.000,180.000,180.000,28.230,
0.368,4.500,3,50,60,1080.000,175.100,180.000,179.900,28.020,
0.368,4.500,4,50,60,1080.000,179.800,180.000,180.000,26.910,
0.368,4.500,5,50,60,1080.000,154.900,180.000,178.910,28.860,
0.368,4.500,6,50,60,1080.000,167.500,180.000,179.750,28.130,
0.368,4.500,7,50,60,1080.000,169.100,180.000,179.780,25.980,
0.368,4.500,8,50,60,1080.000,177.200,180.000,179.940,29.130,
0.368,4.500,9,50,60,1080.000,163.000,180.000,179.660,27.170,
0.368,5.000,0,50,60,1080.000,180.000,180.000,180.000,29.150,
0.368,5.000,1,50,60,1080.000,180.000,180.000,180.000,24.110,
0.368,5.000,2,50,60,1080.000,180.000,180.000,180.000,27.990,
0.368,5.000,3,50,60,1080.000,175.100,180.000,179.900,28.410,
0.368,5.000,4,50,60,1080.000,180.000,180.000,180.000,26.760,
0.368,5.000,5,50,60,1080.000,156.600,180.000,179.020,29.140,
0.368,5.000,6,50,60,1080.000,180.000,180.000,180.000,27.740,
0.368,5.000,7,50,60,1080.000,172.300,180.000,179.850,25.860,
0.368,5.000,8,50,60,1080.000,179.200,180.000,179.980,27.560,
0.368,5.000,9,50,60,1080.000,163.200,180.000,179.660,27.670,
0.368,5.500,0,50,60,1080.000,180.000,180.000,180.000,29.350,
0.368,5.500,1,50,60,1080.000,180.000,180.000,180.000,24.370,
0.368,5.500,2,50,60,1080.000,180.000,180.000,180.000,27.750,
0.368,5.500,3,50,60,1080.000,175.900,180.000,179.920,28.410,
0.368,5.500,4,50,60,1080.000,175.900,180.000,179.920,28.550,
0.368,5.500,5,50,60,1080.000,158.100,180.000,179.140,29.270,
0.368,5.500,6,50,60,1080.000,180.000,180.000,180.000,28.020,
0.368,5.500,7,50,60,1080.000,173.700,180.000,179.870,25.680,
0.368,5.500,8,50,60,1080.000,180.000,180.000,180.000,27.340,
0.368,5.500,9,50,60,1080.000,164.500,180.000,179.690,27.320,
0.368,6.000,0,50,60,1080.000,180.000,180.000,180.000,29.660,
0.368,6.000,1,50,60,1080.000,180.000,180.000,180.000,24.370,
0.368,6.000,2,50,60,1080.000,180.000,180.000,180.000,28.030,
0.368,6.000,3,50,60,1080.000,180.000,180.000,180.000,28.280,
0.368,6.000,4,50,60,1080.000,175.900,180.000,179.920,28.380,
0.368,6.000,5,50,60,1080.000,159.500,180.000,179.550,28.280,
0.368,6.000,6,50,60,1080.000,180.000,180.000,180.000,27.950,
0.368,6.000,7,50,60,1080.000,168.000,180.000,179.760,26.370,
0.368,6.000,8,50,60,1080.000,180.000,180.000,180.000,28.020,
0.368,6.000,9,50,60,1080.000,165.800,180.000,179.720,28.100,
0.368,6.500,0,50,60,1080.000,180.000,180.000,180.000,29.950,
0.368,6.500,1,50,60,1080.000,180.000,180.000,180.000,24.690,
0.368,6.500,2,50,60,1080.000,180.000,180.000,180.000,27.940,
0.368,6.500,3,50,60,1080.000,179.400,180.000,179.980,28.220,
0.368,6.500,4,50,60,1080.000,175.900,180.000,179.920,28.790,
0.368,6.500,5,50,60,1080.000,160.100,180.000,179.230,29.170,
0.368,6.500,6,50,60,1080.000,180.000,180.000,180.000,27.960,
0.368,6.500,7,50,60,1080.000,171.100,180.000,179.820,25.670,
0.368,6.500,8,50,60,1080.000,174.600,180.000,179.890,27.220,
0.368,6.500,9,50,60,1080.000,167.300,180.000,179.750,27.820,
0.368,7.000,0,50,60,1080.000,180.000,180.000,180.000,29.680,
0.368,7.000,1,50,60,1080.000,180.000,180.000,180.000,24.600,
0.368,7.000,2,50,60,1080.000,180.000,180.000,180.000,27.630,
0.368,7.000,3,50,60,1080.000,141.300,180.000,179.230,27.890,
0.368,7.000,4,50,60,1080.000,175.900,180.000,179.920,28.300,
0.368,7.000,5,50,60,1080.000,150.800,180.000,178.790,29.300,
0.368,7.000,6,50,60,1080.000,180.000,180.000,180.000,28.290,
0.368,7.000,7,50,60,1080.000,173.300,180.000,179.870,26.380,
0.368,7.000,8,50,60,1080.000,164.100,180.000,179.560,29.200,
0.368,7.000,9,50,60,1080.000,169.700,180.000,179.790,27.260,
0.379,3.000,0,50,60,1080.000,175.100,180.000,179.900,29.110,
0.379,3.000,1,50,60,1080.000,166.700,180.000,179.730,24.550,
0.379,3.000,2,50,60,1080.000,180.000,180.000,180.000,28.030,
0.379,3.000,3,50,60,1080.000,165.100,180.000,179.600,28.570,
0.379,3.000,4,50,60,1080.000,160.400,180.000,179.610,26.830,
0.379,3.000,5,50,60,1080.000,150.200,180.000,178.790,28.540,
0.379,3.000,6,50,60,1080.000,180.000,180.000,180.000,28.430,
0.379,3.000,7,50,60,1080.000,172.400,180.000,179.820,25.920,
0.379,3.000,8,50,60,1080.000,173.500,180.000,179.870,28.080,
0.379,3.000,9,50,60,1080.000,162.900,180.000,179.210,29.000,
0.379,3.500,0,50,60,1080.000,176.100,180.000,179.920,29.310,
0.379,3.500,1,50,60,1080.000,180.000,180.000,180.000,24.200,
0.379,3.500,2,50,60,1080.000,180.000,180.000,180.000,27.440,
0.379,3.500,3,50,60,1080.000,175.400,180.000,179.910,28.550,
0.379,3.500,4,50,60,1080.000,180.000,180.000,180.000,27.180,
0.379,3.500,5,50,60,1080.000,150.100,180.000,178.800,28.700,
0.379,3.500,6,50,60,1080.000,180.000,180.000,180.000,27.520,
0.379,3.500,7,50,60,1080.000,179.900,180.000,180.000,25.720,
0.379,3.500,8,50,60,1080.000,173.800,180.000,179.880,27.420,
0.379,3.500,9,50,60,1080.000,167.400,180.000,179.560,27.870,
0.379,4.000,0,50,60,1080.000,179.200,180.000,179.980,29.650,
0.379,4.000,1,50,60,1080.000,180.000,180.000,180.000,24.590,
0.379,4.000,2,50,60,1080.000,180.000,180.000,180.000,27.500,
0.379,4.000,3,50,60,1080.000,179.200,180.000,179.980,27.940,
0.379,4.000,4,50,60,1080.000,180.000,180.000,180.000,27.260,
0.379,4.000,5,50,60,1080.000,152.200,180.000,179.230,28.380,
0.379,4.000,6,50,60,1080.000,180.000,180.000,180.000,28.180,
0.379,4.000,7,50,60,1080.000,180.000,180.000,180.000,25.860,
0.379,4.000,8,50,60,1080.000,174.000,180.000,179.880,27.680,
0.379,4.000,9,50,60,1080.000,167.500,180.000,179.750,27.220,
0.379,4.500,0,50,60,1080.000,180.000,180.000,180.000,29.030,
0.379,4.500,1,50,60,1080.000,180.000,180.000,180.000,24.600,
0.379,4.500,2,50,60,1080.000,180.000,180.000,180.000,28.170,
0.379,4.500,3,50,60,1080.000,179.600,180.000,179.990,28.390,
0.379,4.500,4,50,60,1080.000,180.000,180.000,180.000,26.800,
0.379,4.500,5,50,60,1080.000,155.000,180.000,179.310,28.430,
0.379,4.500,6,50,60,1080.000,180.000,180.000,180.000,28.130,
0.379,4.500,7,50,60,1080.000,172.800,180.000,179.860,25.980,
0.379,4.500,8,50,60,1080.000,180.000,180.000,180.000,27.650,
0.379,4.500,9,50,60,1080.000,167.000,180.000,179.740,27.940,
0.379,5.000,0,50,60,1080.000,180.000,180.000,180.000,29.320,
0.379,5.000,1,50,60,1080.000,180.000,180.000,180.000,24.280,
0.379,5.000,2,50,60,1080.000,180.000,180.000,180.000,27.560,
0.379,5.000,3,50,60,1080.000,179.800,180.000,180.000,28.070,
0.379,5.000,4,50,60,1080.000,180.000,180.000,180.000,26.710,
0.379,5.000,5,50,60,1080.000,156.700,180.000,179.380,28.520,
0.379,5.000,6,50,60,1080.000,180.000,180.000,180.000,27.790,
0.379,5.000,7,50,60,1080.000,172.500,180.000,179.850,25.860,
0.379,5.000,8,50,60,1080.000,180.000,180.000,180.000,27.100,
0.379,5.000,9,50,60,1080.000,166.200,180.000,179.720,27.870,
0.379,5.500,0,50,60,1080.000,180.000,180.000,180.000,29.570,
0.379,5.500,1,50,60,1080.000,180.000,180.000,180.000,24.970,
0.379,5.500,2,50,60,1080.000,180.000,180.000,180.000,27.540,
0.379,5.500,3,50,60,1080.000,180.000,180.000,180.000,28.090,
0.379,5.500,4,50,60,1080.000,180.000,180.000,180.000,26.870,
0.379,5.500,5,50,60,1080.000,158.100,180.000,179.450,28.460,
0.379,5.500,6,50,60,1080.000,180.000,180.000,180.000,28.080,
0.379,5.500,7,50,60,1080.000,173.900,180.000,179.880,26.140,
0.379,5.500,8,50,60,1080.000,180.000,180.000,180.000,27.030,
0.379,5.500,9,50,60,1080.000,165.100,180.000,179.700,27.160,
0.379,6.000,0,50,60,1080.000,180.000,180.000,180.000,29.320,
0.379,6.000,1,50,60,1080.000,180.000,180.000,180.000,24.570,
0.379,6.000,2,50,60,1080.000,180.000,180.000,180.000,27.810,
0.379,6.000,3,50,60,1080.000,180.000,180.000,180.000,28.260,
0.379,6.000,4,50,60,1080.000,180.000,180.000,180.000,27.010,
0.379,6.000,5,50,60,1080.000,159.500,180.000,179.560,28.400,
0.379,6.000,6,50,60,1080.000,180.000,180.000,180.000,28.100,
0.379,6.000,7,50,60,1080.000,171.400,180.000,179.830,25.470,
0.379,6.000,8,50,60,1080.000,180.000,180.000,180.000,27.530,
0.379,6.000,9,50,60,1080.000,165.800,180.000,179.720,27.700,
0.379,6.500,0,50,60,1080.000,180.000,180.000,180.000,29.190,
0.379,6.500,1,50,60,1080.000,180.000,180.000,180.000,24.420,
0.379,6.500,2,50,60,1080.000,180.000,180.000,180.000,27.800,
0.379,6.500,3,50,60,1080.000,179.700,180.000,179.990,28.370,
0.379,6.500,4,50,60,1080.000,180.000,180.000,180.000,27.190,
0.379,6.500,5,50,60,1080.000,161.500,180.000,179.630,28.630,
0.379,6.500,6,50,60,1080.000,180.000,180.000,180.000,27.680,
0.379,6.500,7,50,60,1080.000,171.300,180.000,179.830,25.860,
0.379,6.500,8,50,60,1080.000,180.000,180.000,180.000,27.450,
0.379,6.500,9,50,60,1080.000,167.400,180.000,179.750,27.770,
0.379,7.000,0,50,60,1080.000,180.000,180.000,180.000,29.900,
0.379,7.000,1,50,60,1080.000,180.000,180.000,180.000,24.770,
0.379,7.000,2,50,60,1080.000,180.000,180.000,180.000,27.590,
0.379,7.000,3,50,60,1080.000,180.000,180.000,180.000,27.960,
0.379,7.000,4,50,60,1080.000,180.000,180.000,180.000,26.810,
0.379,7.000,5,50,60,1080.000,166.600,180.000,179.730,28.670,
0.379,7.000,6,50,60,1080.000,180.000,180.000,180.000,28.140,
0.379,7.000,7,50,60,1080.000,173.400,180.000,179.870,26.210,
0.379,7.000,8,50,60,1080.000,180.000,180.000,180.000,27.430,
0.379,7.000,9,50,60,1080.000,169.800,180.000,179.800,27.660,
0.389,3.000,0,50,60,1080.000,178.700,180.000,179.970,29.680,
0.389,3.000,1,50,60,1080.000,180.000,180.000,180.000,24.750,
0.389,3.000,2,50,60,1080.000,180.000,180.000,180.000,27.910,
0.389,3.000,3,50,60,1080.000,180.000,180.000,180.000,28.190,
0.389,3.000,4,50,60,1080.000,180.000,180.000,180.000,26.920,
0.389,3.000,5,50,60,1080.000,154.200,180.000,179.460,28.040,
0.389,3.000,6,50,60,1080.000,180.000,180.000,180.000,27.970,
0.389,3.000,7,50,60,1080.000,180.000,180.000,180.000,25.560,
0.389,3.000,8,50,60,1080.000,180.000,180.000,180.000,27.850,
0.389,3.000,9,50,60,1080.000,170.300,180.000,179.710,27.650,
0.389,3.500,0,50,60,1080.000,180.000,180.000,180.000,29.290,
0.389,3.500,1,50,60,1080.000,180.000,180.000,180.000,24.480,
0.389,3.500,2,50,60,1080.000,180.000,180.000,180.000,27.360,
0.389,3.500,3,50,60,1080.000,180.000,180.000,180.000,28.260,
0.389,3.500,4,50,60,1080.000,180.000,180.000,180.000,27.230,
0.389,3.500,5,50,60,1080.000,153.800,180.000,179.370,28.920,
0.389,3.500,6,50,60,1080.000,180.000,180.000,180.000,27.830,
0.389,3.500,7,50,60,1080.000,180.000,180.000,180.000,25.600,
0.389,3.500,8,50,60,1080.000,180.000,180.000,180.000,27.200,
0.389,3.500,9,50,60,1080.000,170.600,180.000,179.720,27.670,
0.389,4.000,0,50,60,1080.000,180.000,180.000,180.000,29.820,
0.389,4.000,1,50,60,1080.000,180.000,180.000,180.000,24.490,
0.389,4.000,2,50,60,1080.000,180.000,180.000,180.000,27.610,
0.389,4.000,3,50,60,1080.000,180.000,180.000,180.000,28.600,
0.389,4.000,4,50,60,1080.000,180.000,180.000,180.000,26.890,
0.389,4.000,5,50,60,1080.000,153.400,180.000,179.270,28.670,
0.389,4.000,6,50,60,1080.000,180.000,180.000,180.000,27.780,
0.389,4.000,7,50,60,1080.000,180.000,180.000,180.000,25.530,
0.389,4.000,8,50,60,1080.000,180.000,180.000,180.000,27.960,
0.389,4.000,9,50,60,1080.000,180.000,180.000,180.000,27.910,
0.389,4.500,0,50,60,1080.000,180.000,180.000,180.000,29.330,
0.389,4.500,1,50,60,1080.000,180.000,180.000,180.000,24.480,
0.389,4.500,2,50,60,1080.000,180.000,180.000,180.000,27.630,
0.389,4.500,3,50,60,1080.000,180.000,180.000,180.000,27.890,
0.389,4.500,4,50,60,1080.000,180.000,180.000,180.000,27.680,
0.389,4.500,5,50,60,1080.000,155.100,180.000,179.320,29.070,
0.389,4.500,6,50,60,1080.000,180.000,180.000,180.000,27.780,
0.389,4.500,7,50,60,1080.000,180.000,180.000,180.000,25.980,
0.389,4.500,8,50,60,1080.000,180.000,180.000,180.000,27.410,
0.389,4.500,9,50,60,1080.000,180.000,180.000,180.000,27.750,
0.389,5.000,0,50,60,1080.000,180.000,180.000,180.000,29.650,
0.389,5.000,1,50,60,1080.000,180.000,180.000,180.000,24.750,
0.389,5.000,2,50,60,1080.000,180.000,180.000,180.000,28.190,
0.389,5.000,3,50,60,1080.000,180.000,180.000,180.000,28.140,
0.389,5.000,4,50,60,1080.000,180.000,180.000,180.000,27.690,
0.389,5.000,5,50,60,1080.000,156.800,180.000,179.380,29.290,
0.389,5.000,6,50,60,1080.000,180.000,180.000,180.000,29.300,
0.389,5.000,7,50,60,1080.000,180.000,180.000,180.000,27.600,
0.389,5.000,8,50,60,1080.000,180.000,180.000,180.000,31.150,
0.389,5.000,9,50,60,1080.000,180.000,180.000,180.000,30.280,
0.389,5.500,0,50,60,1080.000,180.000,180.000,180.000,32.990,
0.389,5.500,1,50,60,1080.000,180.000,180.000,180.000,27.220,
0.389,5.500,2,50,60,1080.000,180.000,180.000,180.000,31.560,
0.389,5.500,3,50,60,1080.000,180.000,180.000,180.000,31.720,
0.389,5.500,4,50,60,1080.000,180.000,180.000,180.000,28.740,
0.389,5.500,5,50,60,1080.000,158.200,180.000,179.460,30.010,
0.389,5.500,6,50,60,1080.000,180.000,180.000,180.000,28.610,
0.389,5.500,7,50,60,1080.000,180.000,180.000,180.000,26.480,
0.389,5.500,8,50,60,1080.000,180.000,180.000,180.000,27.420,
0.389,5.500,9,50,60,1080.000,170.100,180.000,179.800,27.590,
0.389,6.000,0,50,60,1080.000,180.000,180.000,180.000,30.060,
0.389,6.000,1,50,60,1080.000,180.000,180.000,180.000,24.500,
0.389,6.000,2,50,60,1080.000,180.000,180.000,180.000,27.810,
0.389,6.000,3,50,60,1080.000,180.000,180.000,180.000,27.820,
0.389,6.000,4,50,60,1080.000,180.000,180.000,180.000,27.200,
0.389,6.000,5,50,60,1080.000,159.600,180.000,179.560,28.620,
0.389,6.000,6,50,60,1080.000,180.000,180.000,180.000,27.570,
0.389,6.000,7,50,60,1080.000,180.000,180.000,180.000,25.850,
0.389,6.000,8,50,60,1080.000,180.000,180.000,180.000,27.450,
0.389,6.000,9,50,60,1080.000,167.600,180.000,179.750,27.450,
0.389,6.500,0,50,60,1080.000,180.000,180.000,180.000,29.660,
0.389,6.500,1,50,60,1080.000,180.000,180.000,180.000,24.550,
0.389,6.500,2,50,60,1080.000,180.000,180.000,180.000,27.540,
0.389,6.500,3,50,60,1080.000,180.000,180.000,180.000,28.450,
0.389,6.500,4,50,60,1080.000,180.000,180.000,180.000,26.790,
0.389,6.500,5,50,60,1080.000,161.600,180.000,179.630,28.290,
0.389,6.500,6,50,60,1080.000,180.000,180.000,180.000,28.380,
0.389,6.500,7,50,60,1080.000,180.000,180.000,180.000,26.130,
0.389,6.500,8,50,60,1080.000,180.000,180.000,180.000,27.130,
0.389,6.500,9,50,60,1080.000,167.500,180.000,179.750,27.540,
0.389,7.000,0,50,60,1080.000,180.000,180.000,180.000,29.390,
0.389,7.000,1,50,60,1080.000,180.000,180.000,180.000,24.440,
0.389,7.000,2,50,60,1080.000,180.000,180.000,180.000,28.020,
0.389,7.000,3,50,60,1080.000,180.000,180.000,180.000,28.160,
0.389,7.000,4,50,60,1080.000,180.000,180.000,180.000,26.840,
0.389,7.000,5,50,60,1080.000,166.900,180.000,179.740,28.450,
0.389,7.000,6,50,60,1080.000,180.000,180.000,180.000,27.400,
0.389,7.000,7,50,60,1080.000,180.000,180.000,180.000,25.590,
0.389,7.000,8,50,60,1080.000,180.000,180.000,180.000,27.680,
0.389,7.000,9,50,60,1080.000,169.900,180.000,179.800,27.910,
0.400,3.000,0,50,60,1080.000,180.000,180.000,180.000,29.060,
0.400,3.000,1,50,60,1080.000,180.000,180.000,180.000,24.550,
0.400,3.000,2,50,60,1080.000,180.000,180.000,180.000,27.480,
0.400,3.000,3,50,60,1080.000,180.000,180.000,180.000,27.920,
0.400,3.000,4,50,60,1080.000,180.000,180.000,180.000,27.000,
0.400,3.000,5,50,60,1080.000,160.100,180.000,179.380,28.710,
0.400,3.000,6,50,60,1080.000,180.000,180.000,180.000,27.620,
0.400,3.000,7,50,60,1080.000,180.000,180.000,180.000,26.070,
0.400,3.000,8,50,60,1080.000,180.000,180.000,180.000,27.170,
0.400,3.000,9,50,60,1080.000,178.700,180.000,179.970,27.510,
0.400,3.500,0,50,60,1080.000,180.000,180.000,180.000,29.900,
0.400,3.500,1,50,60,1080.000,180.000,180.000,180.000,24.500,
0.400,3.500,2,50,60,1080.000,180.000,180.000,180.000,28.020,
0.400,3.500,3,50,60,1080.000,180.000,180.000,180.000,27.880,
0.400,3.500,4,50,60,1080.000,180.000,180.000,180.000,26.870,
0.400,3.500,5,50,60,1080.000,160.100,180.000,179.600,28.190,
0.400,3.500,6,50,60,1080.000,180.000,180.000,180.000,28.250,
0.400,3.500,7,50,60,1080.000,180.000,180.000,180.000,26.010,
0.400,3.500,8,50,60,1080.000,180.000,180.000,180.000,28.890,
0.400,3.500,9,50,60,1080.000,179.500,180.000,179.990,28.820,
0.400,4.000,0,50,60,1080.000,180.000,180.000,180.000,31.810,
0.400,4.000,1,50,60,1080.000,180.000,180.000,180.000,26.400,
0.400,4.000,2,50,60,1080.000,180.000,180.000,180.000,31.140,
0.400,4.000,3,50,60,1080.000,180.000,180.000,180.000,31.950,
0.400,4.000,4,50,60,1080.000,180.000,180.000,180.000,30.090,
0.400,4.000,5,50,60,1080.000,159.900,180.000,179.570,31.050,
0.400,4.000,6,50,60,1080.000,180.000,180.000,180.000,29.890,
0.400,4.000,7,50,60,1080.000,180.000,180.000,180.000,27.750,
0.400,4.000,8,50,60,1080.000,180.000,180.000,180.000,28.810,
0.400,4.000,9,50,60,1080.000,180.000,180.000,180.000,28.410,
0.400,4.500,0,50,60,1080.000,180.000,180.000,180.000,29.620,
0.400,4.500,1,50,60,1080.000,180.000,180.000,180.000,24.310,
0.400,4.500,2,50,60,1080.000,180.000,180.000,180.000,27.690,
0.400,4.500,3,50,60,1080.000,180.000,180.000,180.000,27.940,
0.400,4.500,4,50,60,1080.000,180.000,180.000,180.000,27.070,
0.400,4.500,5,50,60,1080.000,157.300,180.000,179.440,28.930,
0.400,4.500,6,50,60,1080.000,180.000,180.000,180.000,27.800,
0.400,4.500,7,50,60,1080.000,180.000,180.000,180.000,26.070,
0.400,4.500,8,50,60,1080.000,180.000,180.000,180.000,27.480,
0.400,4.500,9,50,60,1080.000,180.000,180.000,180.000,27.580,
0.400,5.000,0,50,60,1080.000,180.000,180.000,180.000,29.680,
0.400,5.000,1,50,60,1080.000,180.000,180.000,180.000,24.660,
0.400,5.000,2,50,60,1080.000,180.000,180.000,180.000,27.610,
0.400,5.000,3,50,60,1080.000,180.000,180.000,180.000,28.310,
0.400,5.000,4,50,60,1080.000,180.000,180.000,180.000,26.740,
0.400,5.000,5,50,60,1080.000,156.800,180.000,179.390,28.420,
0.400,5.000,6,50,60,1080.000,180.000,180.000,180.000,27.780,
0.400,5.000,7,50,60,1080.000,180.000,180.000,180.000,25.950,
0.400,5.000,8,50,60,1080.000,180.000,180.000,180.000,27.120,
0.400,5.000,9,50,60,1080.000,180.000,180.000,180.000,27.730,
0.400,5.500,0,50,60,1080.000,180.000,180.000,180.000,29.450,
0.400,5.500,1,50,60,1080.000,180.000,180.000,180.000,24.260,
0.400,5.500,2,50,60,1080.000,180.000,180.000,180.000,27.670,
0.400,5.500,3,50,60,1080.000,180.000,180.000,180.000,28.140,
0.400,5.500,4,50,60,1080.000,180.000,180.000,180.000,26.810,
0.400,5.500,5,50,60,1080.000,158.200,180.000,179.460,28.150,
0.400,5.500,6,50,60,1080.000,180.000,180.000,180.000,27.680,
0.400,5.500,7,50,60,1080.000,180.000,180.000,180.000,25.730,
0.400,5.500,8,50,60,1080.000,180.000,180.000,180.000,27.230,
0.400,5.500,9,50,60,1080.000,180.000,180.000,180.000,27.480,
0.400,6.000,0,50,60,1080.000,180.000,180.000,180.000,29.660,
0.400,6.000,1,50,60,1080.000,180.000,180.000,180.000,24.760,
0.400,6.000,2,50,60,1080.000,180.000,180.000,180.000,28.010,
0.400,6.000,3,50,60,1080.000,180.000,180.000,180.000,27.850,
0.400,6.000,4,50,60,1080.000,180.000,180.000,180.000,27.520,
0.400,6.000,5,50,60,1080.000,159.700,180.000,179.570,28.980,
0.400,6.000,6,50,60,1080.000,180.000,180.000,180.000,28.260,
0.400,6.000,7,50,60,1080.000,180.000,180.000,180.000,25.640,
0.400,6.000,8,50,60,1080.000,180.000,180.000,180.000,27.250,
0.400,6.000,9,50,60,1080.000,175.800,180.000,179.920,27.310,
0.400,6.500,0,50,60,1080.000,180.000,180.000,180.000,29.730,
0.400,6.500,1,50,60,1080.000,180.000,180.000,180.000,24.880,
0.400,6.500,2,50,60,1080.000,180.000,180.000,180.000,27.350,
0.400,6.500,3,50,60,1080.000,180.000,180.000,180.000,28.040,
0.400,6.500,4,50,60,1080.000,180.000,180.000,180.000,27.020,
0.400,6.500,5,50,60,1080.000,161.700,180.000,179.630,28.190,
0.400,6.500,6,50,60,1080.000,180.000,180.000,180.000,27.720,
0.400,6.500,7,50,60,1080.000,180.000,180.000,180.000,26.120,
0.400,6.500,8,50,60,1080.000,180.000,180.000,180.000,27.110,
0.400,6.500,9,50,60,1080.000,175.100,180.000,179.900,28.010,
0.400,7.000,0,50,60,1080.000,180.000,180.000,180.000,29.130,
0.400,7.000,1,50,60,1080.000,180.000,180.000,180.000,24.310,
0.400,7.000,2,50,60,1080.000,180.000,180.000,180.000,27.840,
0.400,7.000,3,50,60,1080.000,180.000,180.000,180.000,28.310,
0.400,7.000,4,50,60,1080.000,180.000,180.000,180.000,26.400,
0.400,7.000,5,50,60,1080.000,167.100,180.000,179.740,28.130,
0.400,7.000,6,50,60,1080.000,180.000,180.000,180.000,27.090,
0.400,7.000,7,50,60,1080.000,180.000,180.000,180.000,25.080,
0.400,7.000,8,50,60,1080.000,180.000,180.000,180.000,25.360,
0.400,7.000,9,50,60,1080.000,170.100,180.000,179.800,25.280,
