I_U,T_INT,seed,nodes_completed,sim_duration_s,total_survey_time_s,fleet_distance_m,conv_time_min_s,conv_time_max_s,conv_time_mean_s,wall_time_s,error
0.050,3.000,0,30,89.000,89.000,2176.440,15.000,50.100,20.400,6.980,
0.050,3.500,0,30,92.000,92.000,2177.320,17.500,53.700,22.280,6.980,
0.050,4.000,0,30,117.000,117.000,2183.060,20.000,59.600,27.780,7.070,
0.050,4.500,0,30,127.000,127.000,2156.890,22.500,64.100,29.850,6.920,
0.050,5.000,0,30,138.000,138.000,2177.790,25.000,70.400,33.950,7.100,
0.050,5.500,0,30,142.000,142.000,2191.530,27.500,70.800,37.250,6.750,
0.050,6.000,0,30,151.000,151.000,2139.060,30.000,74.100,39.390,6.790,
0.050,6.500,0,30,148.000,148.000,2142.840,32.500,79.200,41.820,7.110,
0.050,7.000,0,30,145.000,145.000,2098.020,35.000,85.700,44.340,7.070,
0.060,3.000,0,30,89.000,89.000,2176.440,15.000,50.100,20.520,7.030,
0.060,3.500,0,30,92.000,92.000,2177.320,17.500,53.700,22.320,7.010,
0.060,4.000,0,30,117.000,117.000,2183.060,20.000,59.600,27.330,6.980,
0.060,4.500,0,30,127.000,127.000,2156.890,22.500,64.100,30.020,7.000,
0.060,5.000,0,30,138.000,138.000,2177.790,25.000,70.400,34.110,7.200,
0.060,5.500,0,30,142.000,142.000,2191.530,27.500,70.800,37.290,7.170,
0.060,6.000,0,30,151.000,151.000,2100.600,30.000,74.100,40.440,6.750,
0.060,6.500,0,30,148.000,148.000,2142.840,32.500,79.200,41.960,6.890,
0.060,7.000,0,30,145.000,145.000,2098.020,35.000,85.700,44.340,7.350,
0.070,3.000,0,30,89.000,89.000,2206.580,15.000,50.100,20.600,7.040,
0.070,3.500,0,30,92.000,92.000,2177.280,17.500,53.700,22.380,7.230,
0.070,4.000,0,30,117.000,117.000,2183.060,20.000,59.600,27.340,7.440,
0.070,4.500,0,30,127.000,127.000,2156.890,22.500,64.100,30.090,7.690,
0.070,5.000,0,30,138.000,138.000,2177.790,25.000,70.400,34.170,7.520,
0.070,5.500,0,30,142.000,142.000,2191.530,27.500,70.800,37.310,7.750,
0.070,6.000,0,30,151.000,151.000,2100.600,30.000,74.100,40.750,7.420,
0.070,6.500,0,30,148.000,148.000,2141.690,32.500,79.200,42.250,7.460,
0.070,7.000,0,30,146.000,146.000,2098.020,35.000,85.700,44.390,7.370,
0.080,3.000,0,30,89.000,89.000,2190.840,15.000,50.100,20.650,7.390,
0.080,3.500,0,30,92.000,92.000,2177.280,17.500,53.700,22.940,7.540,
0.080,4.000,0,30,117.000,117.000,2197.460,20.000,59.600,27.500,7.520,
0.080,4.500,0,30,126.000,126.000,2156.890,22.500,64.100,30.140,7.420,
0.080,5.000,0,30,138.000,138.000,2177.790,25.000,70.400,34.290,7.470,
0.080,5.500,0,30,142.000,142.000,2191.530,27.500,70.800,37.430,7.370,
0.080,6.000,0,30,160.000,160.000,2099.450,30.000,75.100,41.200,7.170,
0.080,6.500,0,30,148.000,148.000,2141.690,32.500,79.200,42.450,7.190,
0.080,7.000,0,30,147.000,147.000,2174.410,35.000,85.700,45.990,7.350,
0.090,3.000,0,30,89.000,89.000,2190.840,15.000,50.100,20.760,7.330,
0.090,3.500,0,30,92.000,92.000,2177.280,17.500,53.700,23.050,7.330,
0.090,4.000,0,30,117.000,117.000,2197.460,20.000,59.600,27.540,7.470,
0.090,4.500,0,30,124.000,124.000,2133.120,22.500,64.100,29.750,7.260,
0.090,5.000,0,30,138.000,138.000,2132.510,25.000,70.400,34.370,7.290,
0.090,5.500,0,30,145.000,145.000,2191.530,27.500,70.800,37.580,7.320,
0.090,6.000,0,30,148.000,148.000,2137.960,30.000,75.400,40.820,7.060,
0.090,6.500,0,30,148.000,148.000,2141.690,32.500,79.200,42.700,7.230,
0.090,7.000,0,30,146.000,146.000,2149.370,35.000,85.700,46.180,7.600,
0.100,3.000,0,30,90.000,90.000,2190.840,15.000,52.100,20.940,7.470,
0.100,3.500,0,30,96.000,96.000,2131.070,17.500,61.100,24.000,7.360,
0.100,4.000,0,30,117.000,117.000,2197.460,20.000,64.600,27.800,7.150,
0.100,4.500,0,30,123.000,123.000,2156.890,22.500,67.600,30.630,7.390,
0.100,5.000,0,30,138.000,138.000,2204.750,25.000,70.400,35.230,7.340,
0.100,5.500,0,30,133.000,133.000,2156.000,27.500,72.400,37.240,7.370,
0.100,6.000,0,30,148.000,148.000,2137.960,30.000,75.400,41.290,7.700,
0.100,6.500,0,30,156.000,156.000,2103.340,32.500,79.200,45.210,7.520,
0.100,7.000,0,30,147.000,147.000,2149.370,35.000,91.000,46.150,7.530,
0.110,3.000,0,30,97.000,97.000,2196.770,15.000,62.000,21.600,7.490,
0.110,3.500,0,30,104.000,104.000,2131.070,17.500,66.200,24.780,7.510,
0.110,4.000,0,30,133.000,133.000,2171.140,20.000,69.800,30.270,7.440,
0.110,4.500,0,30,122.000,122.000,2147.030,22.500,72.600,30.730,7.400,
0.110,5.000,0,30,120.000,120.000,2226.600,25.000,75.700,34.450,7.480,
0.110,5.500,0,30,134.000,134.000,2106.750,27.500,78.500,38.370,7.420,
0.110,6.000,0,30,148.000,148.000,2185.440,30.000,93.300,42.270,9.150,
0.110,6.500,0,30,165.000,165.000,2156.790,32.500,113.600,47.810,9.300,
0.110,7.000,0,30,173.000,173.000,2177.320,35.000,116.100,48.490,9.230,
0.120,3.000,0,30,105.000,105.000,2182.100,15.000,69.100,23.580,9.480,
0.120,3.500,0,30,109.000,109.000,2161.680,17.500,71.100,25.820,9.060,
0.120,4.000,0,30,126.000,126.000,2204.930,20.000,74.700,29.840,9.020,
0.120,4.500,0,30,125.000,125.000,2146.880,22.500,78.300,31.640,9.080,
0.120,5.000,0,30,120.000,120.000,2226.600,25.000,107.100,35.850,9.290,
0.120,5.500,0,30,135.000,135.000,2106.750,27.500,114.400,40.010,9.080,
0.120,6.000,0,30,148.000,148.000,2185.440,30.000,117.700,44.570,9.330,
0.120,6.500,0,30,148.000,148.000,2156.800,32.500,120.400,47.370,8.430,
0.120,7.000,0,30,153.000,153.000,2181.010,35.000,123.400,48.580,8.800,
0.130,3.000,0,30,110.000,110.000,2182.790,15.000,74.500,24.700,8.490,
0.130,3.500,0,30,119.000,119.000,2161.680,17.500,80.300,28.840,8.560,
0.130,4.000,0,30,131.000,131.000,2227.680,20.000,89.900,32.030,8.570,
0.130,4.500,0,30,127.000,127.000,2168.930,22.500,112.200,35.750,8.380,
0.130,5.000,0,30,128.000,128.000,2258.510,25.000,117.100,37.170,8.340,
0.130,5.500,0,30,139.000,139.000,2106.750,27.500,121.000,43.200,8.430,
0.130,6.000,0,30,135.000,135.000,2106.060,30.000,124.500,45.520,8.380,
0.130,6.500,0,30,146.000,146.000,2206.910,32.500,135.400,49.300,8.750,
0.130,7.000,0,30,182.000,182.000,2206.910,35.000,139.500,51.700,8.500,
0.140,3.000,0,30,119.000,119.000,2182.830,15.000,83.700,27.660,8.470,
0.140,3.500,0,30,124.000,124.000,2145.850,17.500,90.100,32.260,8.390,
0.140,4.000,0,30,134.000,134.000,2227.680,20.000,113.600,34.780,8.670,
0.140,4.500,0,30,132.000,132.000,2168.930,22.500,118.900,37.240,8.600,
0.140,5.000,0,30,134.000,134.000,2177.350,25.000,123.600,38.220,8.470,
0.140,5.500,0,30,148.000,148.000,2115.920,27.500,137.800,45.460,8.050,
0.140,6.000,0,30,162.000,162.000,2106.060,30.000,142.300,50.610,8.180,
0.140,6.500,0,30,162.000,162.000,2206.910,32.500,151.800,52.870,8.150,
0.140,7.000,0,30,185.000,185.000,2206.910,35.000,159.700,55.080,8.890,
0.150,3.000,0,30,126.000,126.000,2199.400,15.000,90.100,29.230,8.840,
0.150,3.500,0,30,138.000,138.000,2182.790,17.500,113.000,34.880,8.400,
0.150,4.000,0,30,188.000,188.000,2204.930,20.000,119.400,37.780,8.550,
0.150,4.500,0,30,159.000,159.000,2149.240,22.500,125.100,41.070,8.650,
0.150,5.000,0,30,153.000,153.000,2110.820,25.000,142.100,44.740,8.520,
0.150,5.500,0,30,179.000,179.000,2115.920,27.500,152.900,50.180,8.320,
0.150,6.000,0,30,285.000,285.000,2130.530,30.000,186.600,59.870,8.320,
0.150,6.500,0,30,209.000,209.000,2206.910,32.500,165.400,59.420,8.340,
0.150,7.000,0,30,215.000,215.000,2183.600,35.000,167.900,61.410,8.590,
0.160,3.000,0,30,139.000,139.000,2168.900,15.000,109.300,34.760,8.820,
0.160,3.500,0,30,187.000,187.000,2198.530,17.500,121.200,39.470,8.800,
0.160,4.000,0,30,195.000,195.000,2204.930,20.000,126.000,39.000,8.320,
0.160,4.500,0,30,198.000,198.000,2136.830,22.500,149.400,46.210,8.400,
0.160,5.000,0,30,173.000,173.000,2101.190,25.000,161.600,49.000,8.490,
0.160,5.500,0,30,193.000,193.000,2056.980,27.500,165.900,55.290,8.160,
0.160,6.000,0,30,209.000,209.000,2162.490,30.000,169.400,59.550,8.830,
0.160,6.500,0,30,332.000,332.000,2100.310,32.500,228.100,71.870,8.430,
0.160,7.000,0,30,287.000,287.000,2103.710,35.000,233.600,71.950,8.510,
0.170,3.000,0,30,147.000,147.000,2168.900,15.000,116.400,36.890,8.460,
0.170,3.500,0,30,191.000,191.000,2175.200,17.500,131.300,43.660,8.390,
0.170,4.000,0,30,261.000,261.000,2169.530,20.000,193.200,47.470,8.490,
0.170,4.500,0,30,276.000,276.000,2136.830,22.500,199.300,53.280,8.810,
0.170,5.000,0,30,287.000,287.000,2062.540,25.000,207.800,59.010,8.380,
0.170,5.500,0,30,213.000,213.000,2056.980,27.500,188.200,58.690,8.400,
0.170,6.000,0,30,275.000,275.000,2091.250,30.000,226.900,71.900,8.500,
0.170,6.500,0,30,290.000,290.000,2169.460,32.500,238.600,71.990,8.550,
0.170,7.000,0,30,293.000,293.000,2103.710,35.000,240.000,80.660,8.520,
0.180,3.000,0,30,169.000,169.000,2226.250,15.000,133.200,40.240,8.790,
0.180,3.500,0,30,254.000,254.000,2187.190,17.500,190.500,50.350,8.810,
0.180,4.000,0,30,270.000,270.000,2131.470,20.000,202.500,53.630,8.790,
0.180,4.500,0,30,283.000,283.000,2048.200,22.500,207.800,62.500,8.270,
0.180,5.000,0,30,328.000,328.000,2058.890,25.000,233.200,75.780,8.520,
0.180,5.500,0,30,336.000,336.000,1996.950,27.500,240.000,80.140,8.310,
0.180,6.000,0,30,339.000,339.000,2065.510,30.000,240.000,80.910,8.320,
0.180,6.500,0,30,341.000,341.000,2013.040,32.500,240.000,81.070,8.340,
0.180,7.000,0,30,342.000,342.000,2104.860,35.000,240.000,85.270,8.750,
0.190,3.000,0,30,252.000,252.000,2167.310,15.000,185.600,52.070,8.600,
0.190,3.500,0,30,264.000,264.000,2155.270,17.500,200.200,57.260,8.660,
0.190,4.000,0,30,277.000,277.000,1998.910,20.000,210.900,57.350,8.320,
0.190,4.500,0,30,297.000,297.000,2024.000,22.500,223.600,68.680,8.770,
0.190,5.000,0,30,337.000,337.000,2061.430,25.000,240.000,85.020,8.690,
0.190,5.500,0,30,337.000,337.000,1992.690,27.500,240.000,86.520,8.330,
0.190,6.000,0,30,338.000,338.000,2114.720,30.000,240.000,92.030,8.760,
0.190,6.500,0,30,342.000,342.000,2070.680,32.500,240.000,92.130,8.890,
0.190,7.000,0,30,344.000,344.000,2196.100,35.000,240.000,99.070,8.630,
0.200,3.000,0,30,260.000,260.000,2206.780,15.000,194.900,57.210,8.430,
0.200,3.500,0,30,272.000,272.000,2172.980,17.500,209.000,63.020,8.610,
0.200,4.000,0,30,336.000,336.000,2096.830,20.000,240.000,75.040,8.370,
0.200,4.500,0,30,311.000,311.000,2054.240,22.500,240.000,74.150,8.580,
0.200,5.000,0,30,339.000,339.000,2024.810,25.000,240.000,85.350,8.700,
0.200,5.500,0,30,344.000,344.000,2066.390,27.500,240.000,98.510,7.560,
0.200,6.000,0,30,313.000,313.000,2048.650,30.000,240.000,104.830,7.800,
0.200,6.500,0,30,377.000,377.000,2018.330,32.500,240.000,109.740,7.820,
0.200,7.000,0,30,386.000,386.000,2092.190,35.000,240.000,114.440,7.710,
