I_U,T_INT,seed,nodes_measured,n_targets,total_assignments,sim_elapsed_s,total_survey_time_s,conv_time_min_s,conv_time_max_s,conv_time_mean_s,wall_time_s,error
0.250,3.000,0,70,70,70,219.000,219.000,79.800,205.800,122.950,24.940,
0.250,3.500,0,70,70,70,221.000,221.000,79.800,207.300,124.990,25.260,
0.250,4.000,0,70,70,70,222.000,222.000,79.800,208.200,127.320,25.200,
0.250,4.500,0,70,70,70,222.000,222.000,79.800,208.800,129.810,25.470,
0.250,5.000,0,70,70,70,223.000,223.000,79.800,209.300,132.330,25.340,
0.250,5.500,0,70,70,70,285.000,285.000,79.800,274.300,134.970,25.360,
0.250,6.000,0,70,70,70,286.000,286.000,79.800,275.100,135.850,25.860,
0.250,6.500,0,70,70,70,286.000,286.000,79.800,275.100,136.930,25.550,
0.250,7.000,0,70,70,70,287.000,287.000,79.800,275.100,140.480,25.520,
0.260,3.000,0,70,70,70,234.000,234.000,79.800,220.100,131.630,24.810,
0.260,3.500,0,70,70,70,236.000,236.000,79.800,222.700,135.910,26.950,
0.260,4.000,0,70,70,70,239.000,239.000,79.800,225.100,138.280,26.970,
0.260,4.500,0,70,70,70,286.000,286.000,79.800,275.100,141.800,27.530,
0.260,5.000,0,70,70,70,286.000,286.000,79.800,275.300,145.270,27.290,
0.260,5.500,0,70,70,70,291.000,291.000,79.800,280.100,147.160,26.920,
0.260,6.000,0,70,70,70,291.000,291.000,79.800,280.100,147.820,26.860,
0.260,6.500,0,70,70,70,300.000,300.000,79.800,290.000,148.820,27.510,
0.260,7.000,0,70,70,70,332.000,332.000,79.800,321.600,150.780,26.700,
0.270,3.000,0,70,70,70,239.000,239.000,79.800,225.800,142.620,27.420,
0.270,3.500,0,70,70,70,284.000,284.000,79.800,273.500,147.430,26.970,
0.270,4.000,0,70,70,70,286.000,286.000,79.800,276.000,151.450,29.090,
0.270,4.500,0,70,70,70,292.000,292.000,79.800,281.900,154.060,29.190,
0.270,5.000,0,70,70,70,331.000,331.000,79.800,320.100,156.790,29.650,
0.270,5.500,0,70,70,70,334.000,334.000,79.800,323.200,158.390,30.050,
0.270,6.000,0,70,70,70,336.000,336.000,79.800,325.100,159.330,29.330,
0.270,6.500,0,70,70,70,336.000,336.000,79.800,325.100,159.790,29.470,
0.270,7.000,0,70,70,70,336.000,336.000,79.800,325.100,162.140,29.240,
0.280,3.000,0,70,70,70,284.000,284.000,79.800,273.200,155.830,29.960,
0.280,3.500,0,70,70,70,291.000,291.000,79.800,280.100,159.820,29.420,
0.280,4.000,0,70,70,70,326.000,326.000,79.800,315.100,163.480,29.370,
0.280,4.500,0,70,70,70,331.000,331.000,79.800,320.100,166.470,29.620,
0.280,5.000,0,70,70,70,336.000,336.000,79.800,325.100,167.340,30.530,
0.280,5.500,0,70,70,70,337.000,337.000,79.800,326.300,168.120,30.250,
0.280,6.000,0,70,70,70,341.000,341.000,80.100,330.100,169.420,30.180,
0.280,6.500,0,70,70,70,341.000,341.000,80.100,330.100,169.860,29.360,
0.280,7.000,0,70,70,70,343.000,343.000,80.100,332.200,170.790,30.300,
0.290,3.000,0,70,70,70,291.000,291.000,79.800,280.100,166.130,29.420,
0.290,3.500,0,70,70,70,326.000,326.000,82.200,315.100,171.650,30.540,
0.290,4.000,0,70,70,70,331.000,331.000,82.300,320.100,174.310,29.570,
0.290,4.500,0,70,70,70,336.000,336.000,82.300,325.100,176.780,29.900,
0.290,5.000,0,70,70,70,341.000,341.000,82.400,330.100,179.040,30.540,
0.290,5.500,0,70,70,70,346.000,346.000,82.500,335.100,181.380,30.060,
0.290,6.000,0,70,70,70,346.000,346.000,82.600,335.100,182.500,30.250,
0.290,6.500,0,70,70,70,346.000,346.000,82.800,335.100,182.870,30.350,
0.290,7.000,0,70,70,70,346.000,346.000,83.000,335.100,183.190,30.090,
0.300,3.000,0,70,70,70,326.000,326.000,84.500,315.100,178.500,30.460,
0.300,3.500,0,70,70,70,331.000,331.000,84.700,320.100,182.810,30.880,
0.300,4.000,0,70,70,70,336.000,336.000,84.800,325.100,186.010,30.740,
0.300,4.500,0,70,70,70,345.000,345.000,84.900,334.200,188.770,29.450,
0.300,5.000,0,70,70,70,346.000,346.000,85.000,335.100,190.720,30.720,
0.300,5.500,0,70,70,70,346.000,346.000,85.100,335.100,191.980,30.520,
0.300,6.000,0,70,70,70,346.000,346.000,85.100,335.900,192.850,30.170,
0.300,6.500,0,70,70,70,349.000,349.000,85.100,338.200,193.110,30.700,
0.300,7.000,0,70,70,70,351.000,351.000,85.100,340.100,193.090,30.550,
0.310,3.000,0,70,70,70,331.000,331.000,110.700,320.100,189.760,30.760,
0.310,3.500,0,70,70,70,336.000,336.000,111.700,325.100,197.160,31.120,
0.310,4.000,0,70,70,70,345.000,345.000,87.600,334.500,199.000,30.860,
0.310,4.500,0,70,70,70,346.000,346.000,86.900,335.100,202.190,31.260,
0.310,5.000,0,70,70,70,347.000,347.000,86.700,337.000,203.650,31.440,
0.310,5.500,0,70,70,70,351.000,351.000,86.500,340.100,205.150,31.430,
0.310,6.000,0,70,70,70,351.000,351.000,86.400,340.100,206.200,31.210,
0.310,6.500,0,70,70,70,351.000,351.000,86.400,340.100,206.300,31.180,
0.310,7.000,0,70,70,70,351.000,351.000,86.400,340.100,205.930,31.850,
0.320,3.000,0,70,70,70,336.000,336.000,115.100,325.100,202.540,30.960,
0.320,3.500,0,70,70,70,346.000,346.000,115.600,335.100,207.250,31.700,
0.320,4.000,0,70,70,70,346.000,346.000,115.800,335.100,211.380,32.220,
0.320,4.500,0,70,70,70,351.000,351.000,115.700,340.100,215.040,31.830,
0.320,5.000,0,70,70,70,351.000,351.000,115.500,340.100,219.070,31.720,
0.320,5.500,0,70,70,70,352.000,352.000,115.000,341.600,221.460,31.330,
0.320,6.000,0,70,70,70,355.000,355.000,114.500,344.900,224.220,31.610,
0.320,6.500,0,70,70,70,356.000,356.000,114.000,345.100,225.250,32.240,
0.320,7.000,0,70,70,70,356.000,356.000,113.600,345.100,225.790,31.660,
0.330,3.000,0,70,70,70,345.000,345.000,118.500,334.400,212.590,31.750,
0.330,3.500,0,70,70,70,346.000,346.000,118.900,335.100,220.210,31.610,
0.330,4.000,0,70,70,70,351.000,351.000,119.000,340.100,224.670,31.570,
0.330,4.500,0,70,70,70,351.000,351.000,118.900,341.000,230.460,31.670,
0.330,5.000,0,70,70,70,356.000,356.000,118.600,345.100,235.410,32.320,
0.330,5.500,0,70,70,70,356.000,356.000,118.200,345.100,240.420,31.700,
0.330,6.000,0,70,70,70,356.000,356.000,117.700,345.400,241.980,33.200,
0.330,6.500,0,70,70,70,361.000,361.000,117.300,350.100,243.030,32.930,
0.330,7.000,0,70,70,70,361.000,361.000,116.800,350.100,245.010,32.550,
0.340,3.000,0,70,70,70,346.000,346.000,121.700,335.100,228.790,31.960,
0.340,3.500,0,70,70,70,351.000,351.000,122.400,340.100,238.420,32.940,
0.340,4.000,0,70,70,70,353.000,353.000,122.800,342.500,244.960,32.290,
0.340,4.500,0,70,70,70,356.000,356.000,122.900,345.100,247.610,32.920,
0.340,5.000,0,70,70,70,361.000,361.000,122.700,350.100,250.080,32.150,
0.340,5.500,0,70,70,70,361.000,361.000,122.400,350.100,251.770,32.630,
0.340,6.000,0,70,70,70,369.000,369.000,122.000,355.100,255.020,32.560,
0.340,6.500,0,70,70,70,401.000,401.000,121.300,390.100,256.620,32.770,
0.340,7.000,0,70,70,70,401.000,401.000,119.700,390.100,257.020,33.490,
0.350,3.000,0,70,70,70,351.000,351.000,126.100,340.100,244.910,32.930,
0.350,3.500,0,70,70,70,354.000,354.000,127.100,344.000,251.730,33.120,
0.350,4.000,0,70,70,70,356.000,356.000,127.800,345.100,255.560,33.150,
0.350,4.500,0,70,70,70,361.000,361.000,128.200,350.400,258.260,33.770,
0.350,5.000,0,70,70,70,399.000,399.000,128.200,388.400,262.950,33.940,
0.350,5.500,0,70,70,70,446.000,446.000,128.100,435.100,265.090,34.080,
0.350,6.000,0,70,70,70,446.000,446.000,127.900,435.100,267.000,33.890,
0.350,6.500,0,70,70,70,451.000,451.000,127.500,440.100,269.060,34.030,
0.350,7.000,0,70,70,70,451.000,451.000,127.200,440.100,270.830,34.270,
0.360,3.000,0,70,70,70,354.000,354.000,130.100,342.600,256.200,33.920,
0.360,3.500,0,70,70,70,359.000,359.000,130.100,348.600,261.880,34.260,
0.360,4.000,0,70,70,70,396.000,396.000,130.100,385.100,268.840,34.640,
0.360,4.500,0,70,70,70,446.000,446.000,130.100,435.100,273.810,34.580,
0.360,5.000,0,70,70,70,451.000,451.000,130.100,440.100,277.270,34.270,
0.360,5.500,0,70,70,70,451.000,451.000,130.100,440.100,282.180,34.660,
0.360,6.000,0,70,70,70,451.000,451.000,130.100,440.100,283.900,34.060,
0.360,6.500,0,70,70,70,451.000,451.000,130.100,440.300,284.420,35.790,
0.360,7.000,0,70,70,70,453.000,453.000,130.100,442.800,286.910,35.010,
0.370,3.000,0,70,70,70,364.000,364.000,130.100,350.100,268.310,34.540,
0.370,3.500,0,70,70,70,405.000,405.000,131.300,395.100,277.330,35.430,
0.370,4.000,0,70,70,70,450.000,450.000,132.700,439.600,283.000,34.550,
0.370,4.500,0,70,70,70,451.000,451.000,133.000,440.100,289.270,34.640,
0.370,5.000,0,70,70,70,451.000,451.000,133.100,440.100,296.230,34.980,
0.370,5.500,0,70,70,70,455.000,455.000,133.000,444.100,299.470,35.630,
0.370,6.000,0,70,70,70,456.000,456.000,132.700,445.100,299.160,34.800,
0.370,6.500,0,70,70,70,456.000,456.000,132.400,445.100,300.570,35.060,
0.370,7.000,0,70,70,70,456.000,456.000,132.000,445.100,303.380,34.980,
0.380,3.000,0,70,70,70,401.000,401.000,134.400,391.500,284.580,34.480,
0.380,3.500,0,70,70,70,451.000,451.000,136.100,440.100,297.250,35.320,
0.380,4.000,0,70,70,70,451.000,451.000,136.700,440.100,304.330,35.910,
0.380,4.500,0,70,70,70,456.000,456.000,136.900,445.100,308.530,34.290,
0.380,5.000,0,70,70,70,456.000,456.000,136.800,445.400,312.460,35.340,
0.380,5.500,0,70,70,70,461.000,461.000,136.700,450.100,316.380,35.460,
0.380,6.000,0,70,70,70,461.000,461.000,136.400,450.100,317.870,36.090,
0.380,6.500,0,70,70,70,461.000,461.000,136.100,450.200,319.290,35.590,
0.380,7.000,0,70,70,70,489.000,489.000,135.000,475.100,322.810,35.560,
0.390,3.000,0,70,70,70,451.000,451.000,197.800,440.100,304.930,34.540,
0.390,3.500,0,70,70,70,454.000,454.000,200.100,444.000,312.400,35.560,
0.390,4.000,0,70,70,70,460.000,460.000,200.100,449.500,318.180,35.880,
0.390,4.500,0,70,70,70,464.000,464.000,202.700,450.100,326.500,35.790,
0.390,5.000,0,70,70,70,464.000,464.000,203.500,452.900,330.270,36.130,
0.390,5.500,0,70,70,70,506.000,506.000,203.900,495.100,335.160,36.420,
0.390,6.000,0,70,70,70,506.000,506.000,202.000,495.100,339.240,36.490,
0.390,6.500,0,70,70,70,513.000,513.000,201.100,500.100,342.850,36.560,
0.390,7.000,0,70,70,70,513.000,513.000,140.100,500.100,344.710,36.260,
0.400,3.000,0,70,70,70,456.000,456.000,202.600,445.100,320.200,35.690,
0.400,3.500,0,70,70,70,464.000,464.000,204.900,450.100,330.820,35.940,
0.400,4.000,0,70,70,70,501.000,501.000,209.900,490.100,336.940,36.840,
0.400,4.500,0,70,70,70,506.000,506.000,209.000,495.100,341.840,36.280,
0.400,5.000,0,70,70,70,508.000,508.000,208.000,497.300,351.560,35.630,
0.400,5.500,0,70,70,70,513.000,513.000,207.000,500.100,356.750,31.770,
0.400,6.000,0,70,70,70,513.000,513.000,205.100,500.100,358.230,30.630,
0.400,6.500,0,70,70,70,524.000,524.000,205.100,511.500,359.490,30.480,
0.400,7.000,0,70,70,70,527.000,527.000,205.100,514.200,360.990,30.280,
